Dapper.dll,1707EF4D,\
Global.asax,67C4F039,\
log4net.dll,8C2162AC,\
packages.config,1761F1D2,\
Web.config,79D28946,\
web.config,A08177BA,\Areas\Administrator\Views\
_ViewStart.cshtml,73EADBE2,\Areas\Administrator\Views\
Escalation.cshtml,51EC1A0D,\Areas\Administrator\Views\Escalation\
Index.cshtml,1911D674,\Areas\Administrator\Views\Home\
OpenRequest.cshtml,527B46B3,\Areas\Administrator\Views\OpenRequest\
RequestItems.cshtml,7A43A554,\Areas\Administrator\Views\RequestItems\
_Unauthorized.cshtml,EA39B666,\Areas\Administrator\Views\Shared\
_Utility.cshtml,07A1BEC6,\Areas\Administrator\Views\Shared\
AESEncrypt.dll,3A0FCD96,\bin\
Antlr3.Runtime.dll,71E4B347,\bin\
Antlr3.Runtime.pdb,DAC43AF3,\bin\
CrystalDecisions.CrystalReports.Engine.dll,A246CC0B,\bin\
CrystalDecisions.ReportSource.dll,8A8BD873,\bin\
CrystalDecisions.Shared.dll,56829AA4,\bin\
Dapper.dll,1707EF4D,\bin\
EntityFramework.dll,BAC74506,\bin\
EntityFramework.SqlServer.dll,FB46D127,\bin\
Glimpse.AspNet.dll,57738540,\bin\
Glimpse.Core.dll,D8CC51C7,\bin\
Glimpse.Mvc5.dll,473981F7,\bin\
itextsharp.dll,4C7875B7,\bin\
log4net.dll,8C2162AC,\bin\
Microsoft.AspNet.Identity.Core.dll,BBCB70E8,\bin\
Microsoft.AspNet.Identity.EntityFramework.dll,D2D5A42A,\bin\
Microsoft.AspNet.Identity.Owin.dll,551E13C4,\bin\
Microsoft.Owin.dll,8FCCB8A1,\bin\
Microsoft.Owin.Host.SystemWeb.dll,1D8D15B9,\bin\
Microsoft.Owin.Security.Cookies.dll,0E32DD58,\bin\
Microsoft.Owin.Security.dll,2E024BD1,\bin\
Microsoft.Owin.Security.Facebook.dll,7970F6E6,\bin\
Microsoft.Owin.Security.Google.dll,BA8E00BD,\bin\
Microsoft.Owin.Security.MicrosoftAccount.dll,B505C9C7,\bin\
Microsoft.Owin.Security.OAuth.dll,A55BB3C0,\bin\
Microsoft.Owin.Security.Twitter.dll,530FBC2E,\bin\
Microsoft.Web.Infrastructure.dll,36DE0C11,\bin\
MySql.Data.dll,32CE9CD9,\bin\
Newtonsoft.Json.dll,01FD7D66,\bin\
OnlineRequestSystem.dll,403DC53C,\bin\
OnlineRequestSystem.pdb,6A4C9A0A,\bin\
Owin.dll,E2B31D64,\bin\
System.Web.Helpers.dll,6B6CA960,\bin\
System.Web.Mvc.dll,FF1BE7B1,\bin\
System.Web.Optimization.dll,E5AA5279,\bin\
System.Web.Razor.dll,177440A0,\bin\
System.Web.WebPages.Deployment.dll,07370713,\bin\
System.Web.WebPages.dll,A7A4636F,\bin\
System.Web.WebPages.Razor.dll,94A50299,\bin\
WebGrease.dll,77B1002E,\bin\
dailyReport.cs,FBFE0F7B,\bin\Report\
dailyReport.rpt,142F5661,\bin\Report\
monthlyReport.cs,F77A146A,\bin\Report\
monthlyReport.rpt,137EDC89,\bin\Report\
bootstrap-datepicker.css,2E541CFF,\Content\
bootstrap-datepicker.css.map,9AAD69D5,\Content\
bootstrap-datepicker.min.css,CD226B4B,\Content\
bootstrap-datepicker.min.css.map,25FF0D2B,\Content\
bootstrap.css,D9E097FF,\Content\
bootstrap.css.map,59080513,\Content\
bootstrap.min.css,A21E6C14,\Content\
bootstrap.min.css.map,386D58EC,\Content\
dataTables.bootstrap4.min.css,A48B69A4,\Content\
font-awesome.css,64B46411,\Content\
font-awesome.min.css,1D50EB9F,\Content\
jquery-ui.css,CE6168BE,\Content\
ORTheme.css,FCD1D47C,\Content\
Site.css,60847559,\Content\
SiteHelpers.css,A3D3DCF8,\Content\
glyphicons-halflings-regular.eot,9CB1C758,\Content\fonts\
glyphicons-halflings-regular.svg,D1647584,\Content\fonts\
glyphicons-halflings-regular.ttf,9C3C179A,\Content\fonts\
glyphicons-halflings-regular.woff,F57B14EA,\Content\fonts\
glyphicons-halflings-regular.woff2,61C3E876,\Content\fonts\
Diamante.png,EE8A4E91,\Content\images\
light_toast.png,14FFF512,\Content\images\
loader.gif,6C6439A7,\Content\images\
logored.png,025086C2,\Content\images\
logowhite.png,E7BF49B3,\Content\images\
mirrored_squares.png,918FC821,\Content\images\
OnlineRequest.png,05B0BFE3,\Content\images\
OnlineRequestLogo.png,FD4816D1,\Content\images\
sandpaper.png,B28FE6D2,\Content\images\
Simple_world_map.png,287E2B2A,\Content\images\
IN_TRANSIT.png,60063510,\Content\images\MMD\
IN_TRANSIT_BRANCH.png,0D12753B,\Content\images\MMD\
IN_TRANSIT_BRANCH_SUCCESS.png,70EB26D2,\Content\images\MMD\
IN_TRANSIT_DIVISION.png,1CAC9B39,\Content\images\MMD\
IN_TRANSIT_DIVISION_SUCCESS.png,A7227E4B,\Content\images\MMD\
IN_TRANSIT_SDC_SUCCESS.png,A1A3037F,\Content\images\MMD\
PROCESS_PO.png,7C24525C,\Content\images\MMD\
PROCESS_PO_SUCCESS.png,EAB7C105,\Content\images\MMD\
RECEIVED_FROM_SUPPLIER.png,7DC9C44A,\Content\images\MMD\
RECEIVED_FROM_SUPPLIER_SUCCESS.png,C51EA5C9,\Content\images\MMD\
RECEIVED_ITEM_FROM_MMD.png,AEB18B59,\Content\images\MMD\
RECEIVED_ITEM_FROM_MMD_SUCCESS.png,E9E30EA9,\Content\images\MMD\
accordion.css,389C0656,\Content\themes\base\
all.css,A463DA90,\Content\themes\base\
autocomplete.css,4F2C978A,\Content\themes\base\
base.css,5ADF550B,\Content\themes\base\
button.css,B87A029F,\Content\themes\base\
core.css,B9BB63FF,\Content\themes\base\
datepicker.css,BD9EF584,\Content\themes\base\
dialog.css,5B7A4EA3,\Content\themes\base\
draggable.css,8DB96E2D,\Content\themes\base\
jquery-ui.css,9EAFA8F5,\Content\themes\base\
jquery-ui.min.css,F173B39D,\Content\themes\base\
menu.css,3BFA72FA,\Content\themes\base\
progressbar.css,BE123709,\Content\themes\base\
resizable.css,5A2D9B61,\Content\themes\base\
selectable.css,70C30E2E,\Content\themes\base\
selectmenu.css,314E396D,\Content\themes\base\
slider.css,4E6462E0,\Content\themes\base\
sortable.css,16496E7A,\Content\themes\base\
spinner.css,BE9FB1C9,\Content\themes\base\
tabs.css,A2D4FD6A,\Content\themes\base\
theme.css,780B93DC,\Content\themes\base\
tooltip.css,69C4DAC6,\Content\themes\base\
ui-bg_flat_0_aaaaaa_40x100.png,CDC4649C,\Content\themes\base\images\
ui-bg_flat_75_ffffff_40x100.png,6F1F9859,\Content\themes\base\images\
ui-bg_glass_55_fbf9ee_1x400.png,5C3B03F2,\Content\themes\base\images\
ui-bg_glass_65_ffffff_1x400.png,B602AB91,\Content\themes\base\images\
ui-bg_glass_75_dadada_1x400.png,87DB08B2,\Content\themes\base\images\
ui-bg_glass_75_e6e6e6_1x400.png,6E2D04A8,\Content\themes\base\images\
ui-bg_glass_95_fef1ec_1x400.png,A3F1659E,\Content\themes\base\images\
ui-bg_highlight-soft_75_cccccc_1x100.png,0349582C,\Content\themes\base\images\
ui-icons_222222_256x240.png,02EE7854,\Content\themes\base\images\
ui-icons_2e83ff_256x240.png,BB8A60FC,\Content\themes\base\images\
ui-icons_444444_256x240.png,5FEF0FED,\Content\themes\base\images\
ui-icons_454545_256x240.png,6E8591DE,\Content\themes\base\images\
ui-icons_555555_256x240.png,E707E059,\Content\themes\base\images\
ui-icons_777620_256x240.png,0827C809,\Content\themes\base\images\
ui-icons_777777_256x240.png,F7488B01,\Content\themes\base\images\
ui-icons_888888_256x240.png,98E8B201,\Content\themes\base\images\
ui-icons_cc0000_256x240.png,429DF85E,\Content\themes\base\images\
ui-icons_cd0a0a_256x240.png,182E709E,\Content\themes\base\images\
ui-icons_ffffff_256x240.png,82A372FD,\Content\themes\base\images\
ReportDataset.xsc,D3703473,\Dataset\
ReportDataset.xss,34D18FA8,\Dataset\
fontawesome-webfont.eot,BA1D704F,\fonts\
fontawesome-webfont.svg,CC08644D,\fonts\
fontawesome-webfont.ttf,C544BC5C,\fonts\
fontawesome-webfont.woff,E07B3318,\fonts\
fontawesome-webfont.woff2,5517C3A7,\fonts\
FontAwesome.otf,C282A131,\fonts\
glyphicons-halflings-regular.eot,41FAD57F,\fonts\
glyphicons-halflings-regular.svg,3E642B6D,\fonts\
glyphicons-halflings-regular.ttf,8E6B714C,\fonts\
glyphicons-halflings-regular.woff,E2A8FC81,\fonts\
dailyReport.rpt,142F5661,\Report\
inventoryReport.rpt,1F208A07,\Report\
issuanceForm.rpt,AFFF3F35,\Report\
monthlyReport.rpt,137EDC89,\Report\
request.rpt,23667BCD,\Report\
AlphaNumeric.js,C579F7E8,\Scripts\
bootbox.js,ADA93DFF,\Scripts\
bootbox.min.js,0B0D5C01,\Scripts\
bootbox.min.js.map,E7506C4D,\Scripts\
bootstrap-datepicker.js,7A0D5CCD,\Scripts\
bootstrap-datepicker.min.js,DA298083,\Scripts\
bootstrap-datepicker.min.js.map,8F64FF5C,\Scripts\
bootstrap.js,E93CFE92,\Scripts\
bootstrap.min.js,037997DD,\Scripts\
bootstrap.min.js.map,097C268D,\Scripts\
disable.js,F4B8C221,\Scripts\
idle.js,F0747A9E,\Scripts\
Inactivity.js,64A9FDA6,\Scripts\
jquery-3.1.1.js,369465D3,\Scripts\
jquery-3.1.1.min.js,6159FCFF,\Scripts\
jquery-3.1.1.min.js.map,2F97BC0C,\Scripts\
jquery-3.1.1.min.map,316D92B4,\Scripts\
jquery-3.1.1.slim.js,359F0F13,\Scripts\
jquery-3.1.1.slim.min.js,E6A92A22,\Scripts\
jquery-3.1.1.slim.min.js.map,53B75662,\Scripts\
jquery-3.1.1.slim.min.map,3E0DFB8D,\Scripts\
jquery-ui-1.12.1.js,975BEC9C,\Scripts\
jquery-ui-1.12.1.min.js,CC6AC09C,\Scripts\
jquery-ui-1.12.1.min.js.map,B4B00DA6,\Scripts\
jquery.unobtrusive-ajax.js,F9A78133,\Scripts\
jquery.unobtrusive-ajax.min.js,34606ED1,\Scripts\
jquery.unobtrusive-ajax.min.js.map,CB21DA46,\Scripts\
jquery.validate.js,CE730474,\Scripts\
jquery.validate.min.js,270F49A5,\Scripts\
jquery.validate.min.js.map,EBDDEF61,\Scripts\
jquery.validate.unobtrusive.js,2485BD89,\Scripts\
jquery.validate.unobtrusive.min.js,3FCC92AE,\Scripts\
modernizr-2.8.3.js,7C7752F2,\Scripts\
notify.js,1A43EE1D,\Scripts\
respond.js,C2CC765A,\Scripts\
respond.min.js,F46F1EF8,\Scripts\
respond.min.js.map,22153F01,\Scripts\
SourceNotAllowed.js,46A251FD,\Scripts\
_references.js,A2BEF953,\Scripts\
AddReqType.js,96A23D51,\Scripts\HDScripts\
Department.js,587DCDD8,\Scripts\HDScripts\
Division.js,9465DB61,\Scripts\HDScripts\
VPAssistant.js,D56672BE,\Scripts\HDScripts\
loaders.js,CD611F8D,\Scripts\Loaders\
loaderJS.js,0A9247C1,\Scripts\Login\
LocalStorageCleaner.js,7E095100,\Scripts\Login\
MultiApprove_AM.js,F3CC2C51,\Scripts\MultiApproval\
MultiApprove_Div.js,556F194B,\Scripts\MultiApproval\
MultiApprove_DM.js,A453827F,\Scripts\MultiApproval\
MultiApprove_President.js,3AFFB2AD,\Scripts\MultiApproval\
MultiApprove_RM.js,B4802D55,\Scripts\MultiApproval\
MultiApprove_VP.js,07807A4C,\Scripts\MultiApproval\
MultiApprove_VPassistant.js,69BC925F,\Scripts\MultiApproval\
MultipleDisapprove.js,E16F8363,\Scripts\MultiApproval\
StateSaving.js,DE401846,\Scripts\OpenRequests\
ReportMenu.js,087F9977,\Scripts\Reports\
SDCReport.js,54B1D709,\Scripts\Reports\
ApproveRequest.js,7BB35C4A,\Scripts\Request\
CloseOrDisapprove.js,9885306B,\Scripts\Request\
createformview.js,61E8AE76,\Scripts\Request\
MMDButtons.js,C3035C07,\Scripts\Request\
MoveToPending.js,FE9FAB9C,\Scripts\Request\
pagination.js,E959FCA5,\Scripts\Request\
PrintFunctions.js,86992051,\Scripts\Request\
RequestDetails.js,058053EE,\Scripts\Request\
RequestFormView.js,EA724766,\Scripts\Request\
RMButtons.js,7106ECDF,\Scripts\Request\
BranchStatus.js,3DE1294E,\Scripts\Request\ItemOptions\
DivStatus.js,8D61AA6C,\Scripts\Request\ItemOptions\
MMDstatus.js,3560E441,\Scripts\Request\ItemOptions\
SDCStatus.js,E8E2C5B0,\Scripts\Request\ItemOptions\
BranchItems.js,D48BD0B7,\Scripts\Request\RequestItems\
DivItems.js,15420590,\Scripts\Request\RequestItems\
MMDItems.js,93985B18,\Scripts\Request\RequestItems\
SDCItems.js,96D88E78,\Scripts\Request\RequestItems\
dataTables.min.js,D7C59E7F,\Scripts\table\
jquery.dataTables.min.js,EC54FE06,\Scripts\table\
table.js,262552B6,\Scripts\table\
Web.config,A08177BA,\Views\
_ViewStart.cshtml,7F9FA729,\Views\
closeRequestDetails.cshtml,C16CF92F,\Views\CloseRequest\
ViewCloseRequest.cshtml,4DDF2173,\Views\CloseRequest\
_AMApproval.cshtml,8D05AFD8,\Views\CloseRequest\DetailsPartials\
_DivApproval.cshtml,E414D7B9,\Views\CloseRequest\DetailsPartials\
_DivApproval2.cshtml,018AF862,\Views\CloseRequest\DetailsPartials\
_DivApproval3.cshtml,0CAB2811,\Views\CloseRequest\DetailsPartials\
_DMApproval.cshtml,104AD4FB,\Views\CloseRequest\DetailsPartials\
_GMApproval.cshtml,161A9C56,\Views\CloseRequest\DetailsPartials\
_LocalDiv.cshtml,AD602717,\Views\CloseRequest\DetailsPartials\
_MMDProcesses.cshtml,9BEE5336,\Views\CloseRequest\DetailsPartials\
_PresApproval.cshtml,8CF44DFC,\Views\CloseRequest\DetailsPartials\
_RMApproval.cshtml,A6BE93E0,\Views\CloseRequest\DetailsPartials\
_VPAssistant.cshtml,FC7DB21E,\Views\CloseRequest\DetailsPartials\
Department.cshtml,2E4CF597,\Views\MMD\
Division.cshtml,219E1C4E,\Views\MMD\
RequestType.cshtml,2434E3EE,\Views\MMD\
viewMMDStatus.cshtml,BA5D76B5,\Views\MMD\
VPAssistant.cshtml,3A9B188F,\Views\MMD\
_AddDepartment.cshtml,09487978,\Views\MMD\
_AddDivision.cshtml,4FBE553D,\Views\MMD\
_AddRequestType.cshtml,EF7F289D,\Views\MMD\
Div_OpenRequest.cshtml,F1DB7194,\Views\OpenRequest\
GMO_OpenRequests.cshtml,435626A5,\Views\OpenRequest\
LocalRequests.cshtml,786A59F0,\Views\OpenRequest\
MMD_OpenRequests.cshtml,72EF690D,\Views\OpenRequest\
MyRequests.cshtml,48E2D9B2,\Views\OpenRequest\
RequestDetails.cshtml,B13938B7,\Views\OpenRequest\
ViewOpenRequest.cshtml,E347F3B5,\Views\OpenRequest\
_AMApproval.cshtml,162D2DE4,\Views\OpenRequest\DetailsPartials\
_DivApproval.cshtml,B806AB68,\Views\OpenRequest\DetailsPartials\
_DivApproval2.cshtml,CD73869A,\Views\OpenRequest\DetailsPartials\
_DivApproval3.cshtml,C145F825,\Views\OpenRequest\DetailsPartials\
_DMApproval.cshtml,500BF5A6,\Views\OpenRequest\DetailsPartials\
_GMApproval.cshtml,4D7C759E,\Views\OpenRequest\DetailsPartials\
_LocalDIV.cshtml,9068B5A8,\Views\OpenRequest\DetailsPartials\
_MMDProcesses.cshtml,AAF96F02,\Views\OpenRequest\DetailsPartials\
_PresApproval.cshtml,A876FFBF,\Views\OpenRequest\DetailsPartials\
_RMApproval.cshtml,2C788C83,\Views\OpenRequest\DetailsPartials\
_VPAssistant.cshtml,A276C889,\Views\OpenRequest\DetailsPartials\
_AreaManager.cshtml,5B619D04,\Views\OpenRequest\OpenReqPartials\
_DepartmentManager.cshtml,4FB92FAC,\Views\OpenRequest\OpenReqPartials\
_President.cshtml,3D97649F,\Views\OpenRequest\OpenReqPartials\
_RegionalManager.cshtml,FF37B720,\Views\OpenRequest\OpenReqPartials\
PendingDetails.cshtml,08E94AFE,\Views\Pending\
PendingRequests.cshtml,D049CD3E,\Views\Pending\
_AMApproval.cshtml,6F823D66,\Views\Pending\DetailsPartials\
_DivApproval.cshtml,B806AB68,\Views\Pending\DetailsPartials\
_DivApproval2.cshtml,CD73869A,\Views\Pending\DetailsPartials\
_DivApproval3.cshtml,C145F825,\Views\Pending\DetailsPartials\
_DMApproval.cshtml,500BF5A6,\Views\Pending\DetailsPartials\
_GMApproval.cshtml,4D7C759E,\Views\Pending\DetailsPartials\
_LocalDIV.cshtml,9068B5A8,\Views\Pending\DetailsPartials\
_MMDProcesses.cshtml,AAF96F02,\Views\Pending\DetailsPartials\
_PresApproval.cshtml,A876FFBF,\Views\Pending\DetailsPartials\
_RMApproval.cshtml,2C788C83,\Views\Pending\DetailsPartials\
_VPAssistant.cshtml,A276C889,\Views\Pending\DetailsPartials\
_Pending_AM.cshtml,A82BF902,\Views\Pending\PendingReqPartials\
_Pending_Div.cshtml,D6313A2C,\Views\Pending\PendingReqPartials\
_Pending_DM.cshtml,0E22738C,\Views\Pending\PendingReqPartials\
_Pending_GM.cshtml,C01B378C,\Views\Pending\PendingReqPartials\
_Pending_MMD.cshtml,FFBABDAA,\Views\Pending\PendingReqPartials\
_Pending_Pres.cshtml,D62545F4,\Views\Pending\PendingReqPartials\
_Pending_RM.cshtml,8872E71E,\Views\Pending\PendingReqPartials\
ReportsMenu.cshtml,620536EF,\Views\Reports\
RequestFormView.cshtml,AC20BAA1,\Views\Request\
SDC.cshtml,D29D3F07,\Views\SDC\
SDCReport.cshtml,AD5CC7C5,\Views\SDC\
viewReceived.cshtml,94440B48,\Views\SDC\
viewSDCStatus.cshtml,94440B48,\Views\SDC\
Error.cshtml,FB807C78,\Views\Shared\
_CloseReqConfirmation.cshtml,F3DD2796,\Views\Shared\
_DisapproveConfirmation.cshtml,FB8CF7A3,\Views\Shared\
_ErrorLayout.cshtml,8502EBFC,\Views\Shared\
_Helpdesk.cshtml,996EEAE2,\Views\Shared\
_Layout.cshtml,FD09F68B,\Views\Shared\
_Loader.cshtml,C53ED0D3,\Views\Shared\
_LoginPartial.cshtml,D19694EA,\Views\Shared\
_MMD.cshtml,594786DB,\Views\Shared\
_RM.cshtml,9B1665D9,\Views\Shared\
_divmenu.cshtml,03FA3EA3,\Views\Shared\NavMenus\
_gmomenu.cshtml,A799C623,\Views\Shared\NavMenus\
Login.cshtml,62BCB8D4,\Views\Userlogin\
_LoginLayout.cshtml,72492FFB,\Views\Userlogin\
BranchRequests.cshtml,E6264A1D,\Views\VPAssistant\
