OnlineRequestSystem.sln,5C62ED24,\
OnlineRequestSystem.v12.suo,14CF388B,\
Packages.dgml,F575A9F2,\
WE-Palette.css,1DDF706F,\
slnx.sqlite,66A6BBBA,\.vs\
VSWorkspaceState.json,8D004E4A,\.vs\
applicationhost.config,6E1E1400,\.vs\OnlineRequestSystem\config\
.suo,AEB01E50,\.vs\OnlineRequestSystem\v16\
AESEncrypt.dll,3A0FCD96,\OnlineRequestSystem\
Dapper.dll,1707EF4D,\OnlineRequestSystem\
GlimpseSecurityPolicy.cs,9FCB8780,\OnlineRequestSystem\
Global.asax,67C4F039,\OnlineRequestSystem\
Global.asax.cs,BC1DD761,\OnlineRequestSystem\
log4net.dll,8C2162AC,\OnlineRequestSystem\
MySql.Data.dll,32CE9CD9,\OnlineRequestSystem\
New Text Document.txt,00000000,\OnlineRequestSystem\
OnlineRequestSystem.csproj,1EC8333E,\OnlineRequestSystem\
OnlineRequestSystem.csproj.user,E2FCAA82,\OnlineRequestSystem\
packages.config,1761F1D2,\OnlineRequestSystem\
Project_Readme.html,8CB869E5,\OnlineRequestSystem\
Startup.cs,2BF11F22,\OnlineRequestSystem\
Web.config,6FA60F03,\OnlineRequestSystem\
Web.Debug.config,D04F9358,\OnlineRequestSystem\
Web.Release.config,A748198D,\OnlineRequestSystem\
BundleConfig.cs,3DAA14A5,\OnlineRequestSystem\App_Start\
FilterConfig.cs,5876639B,\OnlineRequestSystem\App_Start\
RouteConfig.cs,E851A653,\OnlineRequestSystem\App_Start\
Startup.Auth.cs,766EED41,\OnlineRequestSystem\App_Start\
AdministratorAreaRegistration.cs,052F90B9,\OnlineRequestSystem\Areas\Administrator\
ApproverStatusController.cs,CC969621,\OnlineRequestSystem\Areas\Administrator\Controllers\
EscalationController.cs,41F17204,\OnlineRequestSystem\Areas\Administrator\Controllers\
HomeController.cs,F23937BA,\OnlineRequestSystem\Areas\Administrator\Controllers\
OpenRequestController.cs,79653A8E,\OnlineRequestSystem\Areas\Administrator\Controllers\
RequestItemsController.cs,5C05C955,\OnlineRequestSystem\Areas\Administrator\Controllers\
RequestModels.cs,B19C14E0,\OnlineRequestSystem\Areas\Administrator\Models\
web.config,A08177BA,\OnlineRequestSystem\Areas\Administrator\Views\
_ViewStart.cshtml,73EADBE2,\OnlineRequestSystem\Areas\Administrator\Views\
Escalation.cshtml,51EC1A0D,\OnlineRequestSystem\Areas\Administrator\Views\Escalation\
Index.cshtml,1911D674,\OnlineRequestSystem\Areas\Administrator\Views\Home\
OpenRequest.cshtml,527B46B3,\OnlineRequestSystem\Areas\Administrator\Views\OpenRequest\
RequestItems.cshtml,7A43A554,\OnlineRequestSystem\Areas\Administrator\Views\RequestItems\
_Unauthorized.cshtml,EA39B666,\OnlineRequestSystem\Areas\Administrator\Views\Shared\
_Utility.cshtml,07A1BEC6,\OnlineRequestSystem\Areas\Administrator\Views\Shared\
AESEncrypt.dll,3A0FCD96,\OnlineRequestSystem\bin\
Antlr3.Runtime.dll,71E4B347,\OnlineRequestSystem\bin\
Antlr3.Runtime.pdb,DAC43AF3,\OnlineRequestSystem\bin\
CrystalDecisions.CrystalReports.Engine.dll,A246CC0B,\OnlineRequestSystem\bin\
CrystalDecisions.ReportSource.dll,8A8BD873,\OnlineRequestSystem\bin\
CrystalDecisions.Shared.dll,56829AA4,\OnlineRequestSystem\bin\
Dapper.dll,1707EF4D,\OnlineRequestSystem\bin\
EntityFramework.dll,BAC74506,\OnlineRequestSystem\bin\
EntityFramework.SqlServer.dll,FB46D127,\OnlineRequestSystem\bin\
EntityFramework.SqlServer.xml,26129E42,\OnlineRequestSystem\bin\
EntityFramework.xml,B68A0068,\OnlineRequestSystem\bin\
Glimpse.AspNet.dll,57738540,\OnlineRequestSystem\bin\
Glimpse.Core.dll,D8CC51C7,\OnlineRequestSystem\bin\
Glimpse.Mvc5.dll,473981F7,\OnlineRequestSystem\bin\
itextsharp.dll,4C7875B7,\OnlineRequestSystem\bin\
itextsharp.xml,5B0F0CD3,\OnlineRequestSystem\bin\
log4net.dll,8C2162AC,\OnlineRequestSystem\bin\
Microsoft.AspNet.Identity.Core.dll,BBCB70E8,\OnlineRequestSystem\bin\
Microsoft.AspNet.Identity.Core.xml,8D6D69BB,\OnlineRequestSystem\bin\
Microsoft.AspNet.Identity.EntityFramework.dll,D2D5A42A,\OnlineRequestSystem\bin\
Microsoft.AspNet.Identity.EntityFramework.xml,D698BCA0,\OnlineRequestSystem\bin\
Microsoft.AspNet.Identity.Owin.dll,551E13C4,\OnlineRequestSystem\bin\
Microsoft.AspNet.Identity.Owin.xml,29C6636B,\OnlineRequestSystem\bin\
Microsoft.Owin.dll,8FCCB8A1,\OnlineRequestSystem\bin\
Microsoft.Owin.Host.SystemWeb.dll,1D8D15B9,\OnlineRequestSystem\bin\
Microsoft.Owin.Host.SystemWeb.xml,798BA58E,\OnlineRequestSystem\bin\
Microsoft.Owin.Security.Cookies.dll,0E32DD58,\OnlineRequestSystem\bin\
Microsoft.Owin.Security.Cookies.xml,BC8245D5,\OnlineRequestSystem\bin\
Microsoft.Owin.Security.dll,2E024BD1,\OnlineRequestSystem\bin\
Microsoft.Owin.Security.Facebook.dll,7970F6E6,\OnlineRequestSystem\bin\
Microsoft.Owin.Security.Facebook.xml,1E8F6932,\OnlineRequestSystem\bin\
Microsoft.Owin.Security.Google.dll,BA8E00BD,\OnlineRequestSystem\bin\
Microsoft.Owin.Security.Google.xml,1C70874D,\OnlineRequestSystem\bin\
Microsoft.Owin.Security.MicrosoftAccount.dll,B505C9C7,\OnlineRequestSystem\bin\
Microsoft.Owin.Security.MicrosoftAccount.xml,C0CB0406,\OnlineRequestSystem\bin\
Microsoft.Owin.Security.OAuth.dll,A55BB3C0,\OnlineRequestSystem\bin\
Microsoft.Owin.Security.OAuth.xml,CB00D131,\OnlineRequestSystem\bin\
Microsoft.Owin.Security.Twitter.dll,530FBC2E,\OnlineRequestSystem\bin\
Microsoft.Owin.Security.Twitter.xml,22E6899E,\OnlineRequestSystem\bin\
Microsoft.Owin.Security.xml,DEFACDF2,\OnlineRequestSystem\bin\
Microsoft.Owin.xml,FD5DDECA,\OnlineRequestSystem\bin\
Microsoft.Web.Infrastructure.dll,36DE0C11,\OnlineRequestSystem\bin\
MySql.Data.dll,32CE9CD9,\OnlineRequestSystem\bin\
Newtonsoft.Json.dll,01FD7D66,\OnlineRequestSystem\bin\
Newtonsoft.Json.xml,9E00D8DD,\OnlineRequestSystem\bin\
OnlineRequestSystem.dll,A1BBB1D3,\OnlineRequestSystem\bin\
OnlineRequestSystem.dll.config,9748E45A,\OnlineRequestSystem\bin\
OnlineRequestSystem.pdb,7E48CA62,\OnlineRequestSystem\bin\
Owin.dll,E2B31D64,\OnlineRequestSystem\bin\
System.Web.Helpers.dll,6B6CA960,\OnlineRequestSystem\bin\
System.Web.Helpers.xml,3FC5228F,\OnlineRequestSystem\bin\
System.Web.Mvc.dll,FF1BE7B1,\OnlineRequestSystem\bin\
System.Web.Mvc.xml,7583FADD,\OnlineRequestSystem\bin\
System.Web.Optimization.dll,E5AA5279,\OnlineRequestSystem\bin\
System.Web.Optimization.xml,503BA50C,\OnlineRequestSystem\bin\
System.Web.Razor.dll,177440A0,\OnlineRequestSystem\bin\
System.Web.Razor.xml,463B675E,\OnlineRequestSystem\bin\
System.Web.WebPages.Deployment.dll,07370713,\OnlineRequestSystem\bin\
System.Web.WebPages.Deployment.xml,2CAC738B,\OnlineRequestSystem\bin\
System.Web.WebPages.dll,A7A4636F,\OnlineRequestSystem\bin\
System.Web.WebPages.Razor.dll,94A50299,\OnlineRequestSystem\bin\
System.Web.WebPages.Razor.xml,2F8E5AEA,\OnlineRequestSystem\bin\
System.Web.WebPages.xml,9838BDC4,\OnlineRequestSystem\bin\
WebGrease.dll,77B1002E,\OnlineRequestSystem\bin\
dailyReport.cs,FBFE0F7B,\OnlineRequestSystem\bin\Report\
dailyReport.rpt,142F5661,\OnlineRequestSystem\bin\Report\
monthlyReport.cs,F77A146A,\OnlineRequestSystem\bin\Report\
monthlyReport.rpt,137EDC89,\OnlineRequestSystem\bin\Report\
bootstrap-datepicker.css,2E541CFF,\OnlineRequestSystem\Content\
bootstrap-datepicker.css.map,9AAD69D5,\OnlineRequestSystem\Content\
bootstrap-datepicker.min.css,CD226B4B,\OnlineRequestSystem\Content\
bootstrap-datepicker.min.css.map,25FF0D2B,\OnlineRequestSystem\Content\
bootstrap.css,D9E097FF,\OnlineRequestSystem\Content\
bootstrap.css.map,59080513,\OnlineRequestSystem\Content\
bootstrap.min.css,A21E6C14,\OnlineRequestSystem\Content\
bootstrap.min.css.map,386D58EC,\OnlineRequestSystem\Content\
dataTables.bootstrap4.min.css,A48B69A4,\OnlineRequestSystem\Content\
font-awesome.css,64B46411,\OnlineRequestSystem\Content\
font-awesome.min.css,1D50EB9F,\OnlineRequestSystem\Content\
jquery-ui.css,CE6168BE,\OnlineRequestSystem\Content\
ORTheme.css,FCD1D47C,\OnlineRequestSystem\Content\
Site.css,60847559,\OnlineRequestSystem\Content\
SiteHelpers.css,A3D3DCF8,\OnlineRequestSystem\Content\
glyphicons-halflings-regular.eot,9CB1C758,\OnlineRequestSystem\Content\fonts\
glyphicons-halflings-regular.svg,D1647584,\OnlineRequestSystem\Content\fonts\
glyphicons-halflings-regular.ttf,9C3C179A,\OnlineRequestSystem\Content\fonts\
glyphicons-halflings-regular.woff,F57B14EA,\OnlineRequestSystem\Content\fonts\
glyphicons-halflings-regular.woff2,61C3E876,\OnlineRequestSystem\Content\fonts\
Diamante.png,EE8A4E91,\OnlineRequestSystem\Content\images\
light_toast.png,14FFF512,\OnlineRequestSystem\Content\images\
loader.gif,6C6439A7,\OnlineRequestSystem\Content\images\
logored.png,025086C2,\OnlineRequestSystem\Content\images\
logowhite.png,E7BF49B3,\OnlineRequestSystem\Content\images\
mirrored_squares.png,918FC821,\OnlineRequestSystem\Content\images\
OnlineRequest.png,05B0BFE3,\OnlineRequestSystem\Content\images\
OnlineRequestLogo.png,FD4816D1,\OnlineRequestSystem\Content\images\
sandpaper.png,B28FE6D2,\OnlineRequestSystem\Content\images\
Simple_world_map.png,287E2B2A,\OnlineRequestSystem\Content\images\
IN_TRANSIT.png,60063510,\OnlineRequestSystem\Content\images\MMD\
IN_TRANSIT_BRANCH.png,0D12753B,\OnlineRequestSystem\Content\images\MMD\
IN_TRANSIT_BRANCH_SUCCESS.png,70EB26D2,\OnlineRequestSystem\Content\images\MMD\
IN_TRANSIT_DIVISION.png,1CAC9B39,\OnlineRequestSystem\Content\images\MMD\
IN_TRANSIT_DIVISION_SUCCESS.png,A7227E4B,\OnlineRequestSystem\Content\images\MMD\
IN_TRANSIT_SDC_SUCCESS.png,A1A3037F,\OnlineRequestSystem\Content\images\MMD\
PROCESS_PO.png,7C24525C,\OnlineRequestSystem\Content\images\MMD\
PROCESS_PO_SUCCESS.png,EAB7C105,\OnlineRequestSystem\Content\images\MMD\
RECEIVED_FROM_SUPPLIER.png,7DC9C44A,\OnlineRequestSystem\Content\images\MMD\
RECEIVED_FROM_SUPPLIER_SUCCESS.png,C51EA5C9,\OnlineRequestSystem\Content\images\MMD\
RECEIVED_ITEM_FROM_MMD.png,AEB18B59,\OnlineRequestSystem\Content\images\MMD\
RECEIVED_ITEM_FROM_MMD_SUCCESS.png,E9E30EA9,\OnlineRequestSystem\Content\images\MMD\
IN_TRANSIT_BRANCH.png,282B3CED,\OnlineRequestSystem\Content\images\MMD\v2 Buttons\
IN_TRANSIT_BRANCH_SUCCESS.png,485068B6,\OnlineRequestSystem\Content\images\MMD\v2 Buttons\
In_Transit_Division.png,F400E8FE,\OnlineRequestSystem\Content\images\MMD\v2 Buttons\
In_Transit_Division_Success.png,56E08261,\OnlineRequestSystem\Content\images\MMD\v2 Buttons\
IN_TRANSIT_SDC.png,49AD2B9D,\OnlineRequestSystem\Content\images\MMD\v2 Buttons\
IN_TRANSIT_SDC_SUCCESS.png,CBC298DB,\OnlineRequestSystem\Content\images\MMD\v2 Buttons\
Received_From_MMD.png,8461F717,\OnlineRequestSystem\Content\images\MMD\v2 Buttons\
Received_From_MMD_SUCCESS.png,92C4662D,\OnlineRequestSystem\Content\images\MMD\v2 Buttons\
Received_From_Supplier.png,8C29F771,\OnlineRequestSystem\Content\images\MMD\v2 Buttons\
Received_From_Supplier_SUCCESS.png,A463560C,\OnlineRequestSystem\Content\images\MMD\v2 Buttons\
accordion.css,389C0656,\OnlineRequestSystem\Content\themes\base\
all.css,A463DA90,\OnlineRequestSystem\Content\themes\base\
autocomplete.css,4F2C978A,\OnlineRequestSystem\Content\themes\base\
base.css,5ADF550B,\OnlineRequestSystem\Content\themes\base\
button.css,B87A029F,\OnlineRequestSystem\Content\themes\base\
core.css,B9BB63FF,\OnlineRequestSystem\Content\themes\base\
datepicker.css,BD9EF584,\OnlineRequestSystem\Content\themes\base\
dialog.css,5B7A4EA3,\OnlineRequestSystem\Content\themes\base\
draggable.css,8DB96E2D,\OnlineRequestSystem\Content\themes\base\
jquery-ui.css,9EAFA8F5,\OnlineRequestSystem\Content\themes\base\
jquery-ui.min.css,F173B39D,\OnlineRequestSystem\Content\themes\base\
menu.css,3BFA72FA,\OnlineRequestSystem\Content\themes\base\
progressbar.css,BE123709,\OnlineRequestSystem\Content\themes\base\
resizable.css,5A2D9B61,\OnlineRequestSystem\Content\themes\base\
selectable.css,70C30E2E,\OnlineRequestSystem\Content\themes\base\
selectmenu.css,314E396D,\OnlineRequestSystem\Content\themes\base\
slider.css,4E6462E0,\OnlineRequestSystem\Content\themes\base\
sortable.css,16496E7A,\OnlineRequestSystem\Content\themes\base\
spinner.css,BE9FB1C9,\OnlineRequestSystem\Content\themes\base\
tabs.css,A2D4FD6A,\OnlineRequestSystem\Content\themes\base\
theme.css,780B93DC,\OnlineRequestSystem\Content\themes\base\
tooltip.css,69C4DAC6,\OnlineRequestSystem\Content\themes\base\
ui-bg_flat_0_aaaaaa_40x100.png,CDC4649C,\OnlineRequestSystem\Content\themes\base\images\
ui-bg_flat_75_ffffff_40x100.png,6F1F9859,\OnlineRequestSystem\Content\themes\base\images\
ui-bg_glass_55_fbf9ee_1x400.png,5C3B03F2,\OnlineRequestSystem\Content\themes\base\images\
ui-bg_glass_65_ffffff_1x400.png,B602AB91,\OnlineRequestSystem\Content\themes\base\images\
ui-bg_glass_75_dadada_1x400.png,87DB08B2,\OnlineRequestSystem\Content\themes\base\images\
ui-bg_glass_75_e6e6e6_1x400.png,6E2D04A8,\OnlineRequestSystem\Content\themes\base\images\
ui-bg_glass_95_fef1ec_1x400.png,A3F1659E,\OnlineRequestSystem\Content\themes\base\images\
ui-bg_highlight-soft_75_cccccc_1x100.png,0349582C,\OnlineRequestSystem\Content\themes\base\images\
ui-icons_222222_256x240.png,02EE7854,\OnlineRequestSystem\Content\themes\base\images\
ui-icons_2e83ff_256x240.png,BB8A60FC,\OnlineRequestSystem\Content\themes\base\images\
ui-icons_444444_256x240.png,5FEF0FED,\OnlineRequestSystem\Content\themes\base\images\
ui-icons_454545_256x240.png,6E8591DE,\OnlineRequestSystem\Content\themes\base\images\
ui-icons_555555_256x240.png,E707E059,\OnlineRequestSystem\Content\themes\base\images\
ui-icons_777620_256x240.png,0827C809,\OnlineRequestSystem\Content\themes\base\images\
ui-icons_777777_256x240.png,F7488B01,\OnlineRequestSystem\Content\themes\base\images\
ui-icons_888888_256x240.png,98E8B201,\OnlineRequestSystem\Content\themes\base\images\
ui-icons_cc0000_256x240.png,429DF85E,\OnlineRequestSystem\Content\themes\base\images\
ui-icons_cd0a0a_256x240.png,182E709E,\OnlineRequestSystem\Content\themes\base\images\
ui-icons_ffffff_256x240.png,82A372FD,\OnlineRequestSystem\Content\themes\base\images\
ApprovStatController.cs,043FBF20,\OnlineRequestSystem\Controllers\
CloseRequestController.cs,EFDCC575,\OnlineRequestSystem\Controllers\
DisapproveReqController.cs,266D3D02,\OnlineRequestSystem\Controllers\
FileController.cs,7FBD847A,\OnlineRequestSystem\Controllers\
MMDController.cs,8B1BA82C,\OnlineRequestSystem\Controllers\
MultipleApprovingController.cs,8A9E26A0,\OnlineRequestSystem\Controllers\
OpenRequestController.cs,8B0B613D,\OnlineRequestSystem\Controllers\
PendingController.cs,97F89409,\OnlineRequestSystem\Controllers\
ReportsController.cs,CB6EBACD,\OnlineRequestSystem\Controllers\
RequestController.cs,7AA34405,\OnlineRequestSystem\Controllers\
RequestItemsController.cs,9B2D6875,\OnlineRequestSystem\Controllers\
SDCController.cs,CA859EED,\OnlineRequestSystem\Controllers\
UserloginController.cs,6370872C,\OnlineRequestSystem\Controllers\
VPAssistantController.cs,3523B507,\OnlineRequestSystem\Controllers\
ReportDataset.Designer.cs,5AF13980,\OnlineRequestSystem\Dataset\
ReportDataset.xsc,D3703473,\OnlineRequestSystem\Dataset\
ReportDataset.xsd,A136C3B2,\OnlineRequestSystem\Dataset\
ReportDataset.xss,34D18FA8,\OnlineRequestSystem\Dataset\
fontawesome-webfont.eot,BA1D704F,\OnlineRequestSystem\fonts\
fontawesome-webfont.svg,CC08644D,\OnlineRequestSystem\fonts\
fontawesome-webfont.ttf,C544BC5C,\OnlineRequestSystem\fonts\
fontawesome-webfont.woff,E07B3318,\OnlineRequestSystem\fonts\
fontawesome-webfont.woff2,5517C3A7,\OnlineRequestSystem\fonts\
FontAwesome.otf,C282A131,\OnlineRequestSystem\fonts\
glyphicons-halflings-regular.eot,41FAD57F,\OnlineRequestSystem\fonts\
glyphicons-halflings-regular.svg,3E642B6D,\OnlineRequestSystem\fonts\
glyphicons-halflings-regular.ttf,8E6B714C,\OnlineRequestSystem\fonts\
glyphicons-halflings-regular.woff,E2A8FC81,\OnlineRequestSystem\fonts\
CloseReqViewModel.cs,0D2A5978,\OnlineRequestSystem\Models\
CreateReqModels.cs,EDA9834B,\OnlineRequestSystem\Models\
DepartmentInfo.cs,9D39AB02,\OnlineRequestSystem\Models\
DivisionInfo.cs,A06C49F1,\OnlineRequestSystem\Models\
IniFile.cs,7C029F22,\OnlineRequestSystem\Models\
OpenReqDetails.cs,76C5BFA5,\OnlineRequestSystem\Models\
OpenReqInfo.cs,4B04FEC1,\OnlineRequestSystem\Models\
OpenReqViewModel.cs,4215C51D,\OnlineRequestSystem\Models\
ORSession.cs,BFB5BC3E,\OnlineRequestSystem\Models\
ORtoMySql.cs,AF06BF4D,\OnlineRequestSystem\Models\
ReportViewModel.cs,B2CBEC49,\OnlineRequestSystem\Models\
ReqApproverStatus.cs,46128BD9,\OnlineRequestSystem\Models\
RequestHandler.cs,70848891,\OnlineRequestSystem\Models\
RequestTypeInfo.cs,F2A62EA1,\OnlineRequestSystem\Models\
Responses.cs,0210A712,\OnlineRequestSystem\Models\
SDCInfo.cs,CA0EAF43,\OnlineRequestSystem\Models\
VPassistantInfo.cs,AC423E6E,\OnlineRequestSystem\Models\
.NETFramework,Version=v4.5.AssemblyAttributes.cs,9F8BD8BC,\OnlineRequestSystem\obj\Debug\
DesignTimeResolveAssemblyReferences.cache,B4F6764A,\OnlineRequestSystem\obj\Debug\
DesignTimeResolveAssemblyReferencesInput.cache,6A97215F,\OnlineRequestSystem\obj\Debug\
OnlineRequestSystem.csproj.AssemblyReference.cache,FEF8F767,\OnlineRequestSystem\obj\Debug\
OnlineRequestSystem.csproj.CopyComplete,00000000,\OnlineRequestSystem\obj\Debug\
OnlineRequestSystem.csproj.CoreCompileInputs.cache,60F66BBF,\OnlineRequestSystem\obj\Debug\
OnlineRequestSystem.csproj.FileListAbsolute.txt,D997D677,\OnlineRequestSystem\obj\Debug\
OnlineRequestSystem.csprojResolveAssemblyReference.cache,1D3D64D1,\OnlineRequestSystem\obj\Debug\
OnlineRequestSystem.dll,A1BBB1D3,\OnlineRequestSystem\obj\Debug\
OnlineRequestSystem.pdb,7E48CA62,\OnlineRequestSystem\obj\Debug\
TemporaryGeneratedFile_036C0B5B-1481-4323-8D20-8F5ADCB23D92.cs,00000000,\OnlineRequestSystem\obj\Debug\
TemporaryGeneratedFile_5937a670-0e60-4077-877b-f7221da3dda1.cs,00000000,\OnlineRequestSystem\obj\Debug\
TemporaryGeneratedFile_E7A71F73-0F8D-4B9B-B56E-8E70B10BC5D3.cs,00000000,\OnlineRequestSystem\obj\Debug\
Dataset.CrystalReport1.cs.dll,B51653A1,\OnlineRequestSystem\obj\Debug\TempPE\
Dataset.ForDailyDataset.Designer.cs.dll,D1DF3985,\OnlineRequestSystem\obj\Debug\TempPE\
Dataset.ReportDataset.Designer.cs.dll,B6BF7E28,\OnlineRequestSystem\obj\Debug\TempPE\
Report.dailyDivision.cs.dll,898A6FF3,\OnlineRequestSystem\obj\Debug\TempPE\
Report.dailyReport.cs.dll,BEBAAB75,\OnlineRequestSystem\obj\Debug\TempPE\
Report.inventoryReport.cs.dll,369E37B3,\OnlineRequestSystem\obj\Debug\TempPE\
Report.issuanceForm.cs.dll,CB18D270,\OnlineRequestSystem\obj\Debug\TempPE\
Report.monthlyReport.cs.dll,DB8B934A,\OnlineRequestSystem\obj\Debug\TempPE\
Report.request.cs.dll,DAB4F35D,\OnlineRequestSystem\obj\Debug\TempPE\
Report.sample.cs.dll,23527111,\OnlineRequestSystem\obj\Debug\TempPE\
dev pai.pubxml,7AD94E5F,\OnlineRequestSystem\obj\Debug\__TestProfilesForFilePreview__\
.NETFramework,Version=v4.5.AssemblyAttributes.cs,9F8BD8BC,\OnlineRequestSystem\obj\Release\
DesignTimeResolveAssemblyReferencesInput.cache,FE8C8871,\OnlineRequestSystem\obj\Release\
OnlineRequestSystem.csproj.AssemblyReference.cache,E8C63ABD,\OnlineRequestSystem\obj\Release\
OnlineRequestSystem.csproj.CoreCompileInputs.cache,AB18AA62,\OnlineRequestSystem\obj\Release\
OnlineRequestSystem.csproj.FileListAbsolute.txt,80C58F20,\OnlineRequestSystem\obj\Release\
OnlineRequestSystem.csprojResolveAssemblyReference.cache,BE01A182,\OnlineRequestSystem\obj\Release\
OnlineRequestSystem.dll,403DC53C,\OnlineRequestSystem\obj\Release\
OnlineRequestSystem.pdb,6A4C9A0A,\OnlineRequestSystem\obj\Release\
TemporaryGeneratedFile_036C0B5B-1481-4323-8D20-8F5ADCB23D92.cs,00000000,\OnlineRequestSystem\obj\Release\
TemporaryGeneratedFile_5937a670-0e60-4077-877b-f7221da3dda1.cs,00000000,\OnlineRequestSystem\obj\Release\
TemporaryGeneratedFile_E7A71F73-0F8D-4B9B-B56E-8E70B10BC5D3.cs,00000000,\OnlineRequestSystem\obj\Release\
_WPPLastBuildInfo.txt,9257956F,\OnlineRequestSystem\obj\Release\
Dapper.dll,1707EF4D,\OnlineRequestSystem\obj\Release\Package\PackageTmp\
Global.asax,67C4F039,\OnlineRequestSystem\obj\Release\Package\PackageTmp\
log4net.dll,8C2162AC,\OnlineRequestSystem\obj\Release\Package\PackageTmp\
packages.config,1761F1D2,\OnlineRequestSystem\obj\Release\Package\PackageTmp\
Web.config,8E552755,\OnlineRequestSystem\obj\Release\Package\PackageTmp\
web.config,A08177BA,\OnlineRequestSystem\obj\Release\Package\PackageTmp\Areas\Administrator\Views\
_ViewStart.cshtml,73EADBE2,\OnlineRequestSystem\obj\Release\Package\PackageTmp\Areas\Administrator\Views\
Escalation.cshtml,51EC1A0D,\OnlineRequestSystem\obj\Release\Package\PackageTmp\Areas\Administrator\Views\Escalation\
Index.cshtml,1911D674,\OnlineRequestSystem\obj\Release\Package\PackageTmp\Areas\Administrator\Views\Home\
OpenRequest.cshtml,527B46B3,\OnlineRequestSystem\obj\Release\Package\PackageTmp\Areas\Administrator\Views\OpenRequest\
RequestItems.cshtml,7A43A554,\OnlineRequestSystem\obj\Release\Package\PackageTmp\Areas\Administrator\Views\RequestItems\
_Unauthorized.cshtml,EA39B666,\OnlineRequestSystem\obj\Release\Package\PackageTmp\Areas\Administrator\Views\Shared\
_Utility.cshtml,07A1BEC6,\OnlineRequestSystem\obj\Release\Package\PackageTmp\Areas\Administrator\Views\Shared\
AESEncrypt.dll,3A0FCD96,\OnlineRequestSystem\obj\Release\Package\PackageTmp\bin\
Antlr3.Runtime.dll,71E4B347,\OnlineRequestSystem\obj\Release\Package\PackageTmp\bin\
Antlr3.Runtime.pdb,DAC43AF3,\OnlineRequestSystem\obj\Release\Package\PackageTmp\bin\
CrystalDecisions.CrystalReports.Engine.dll,A246CC0B,\OnlineRequestSystem\obj\Release\Package\PackageTmp\bin\
CrystalDecisions.ReportSource.dll,8A8BD873,\OnlineRequestSystem\obj\Release\Package\PackageTmp\bin\
CrystalDecisions.Shared.dll,56829AA4,\OnlineRequestSystem\obj\Release\Package\PackageTmp\bin\
Dapper.dll,1707EF4D,\OnlineRequestSystem\obj\Release\Package\PackageTmp\bin\
EntityFramework.dll,BAC74506,\OnlineRequestSystem\obj\Release\Package\PackageTmp\bin\
EntityFramework.SqlServer.dll,FB46D127,\OnlineRequestSystem\obj\Release\Package\PackageTmp\bin\
Glimpse.AspNet.dll,57738540,\OnlineRequestSystem\obj\Release\Package\PackageTmp\bin\
Glimpse.Core.dll,D8CC51C7,\OnlineRequestSystem\obj\Release\Package\PackageTmp\bin\
Glimpse.Mvc5.dll,473981F7,\OnlineRequestSystem\obj\Release\Package\PackageTmp\bin\
itextsharp.dll,4C7875B7,\OnlineRequestSystem\obj\Release\Package\PackageTmp\bin\
log4net.dll,8C2162AC,\OnlineRequestSystem\obj\Release\Package\PackageTmp\bin\
Microsoft.AspNet.Identity.Core.dll,BBCB70E8,\OnlineRequestSystem\obj\Release\Package\PackageTmp\bin\
Microsoft.AspNet.Identity.EntityFramework.dll,D2D5A42A,\OnlineRequestSystem\obj\Release\Package\PackageTmp\bin\
Microsoft.AspNet.Identity.Owin.dll,551E13C4,\OnlineRequestSystem\obj\Release\Package\PackageTmp\bin\
Microsoft.Owin.dll,8FCCB8A1,\OnlineRequestSystem\obj\Release\Package\PackageTmp\bin\
Microsoft.Owin.Host.SystemWeb.dll,1D8D15B9,\OnlineRequestSystem\obj\Release\Package\PackageTmp\bin\
Microsoft.Owin.Security.Cookies.dll,0E32DD58,\OnlineRequestSystem\obj\Release\Package\PackageTmp\bin\
Microsoft.Owin.Security.dll,2E024BD1,\OnlineRequestSystem\obj\Release\Package\PackageTmp\bin\
Microsoft.Owin.Security.Facebook.dll,7970F6E6,\OnlineRequestSystem\obj\Release\Package\PackageTmp\bin\
Microsoft.Owin.Security.Google.dll,BA8E00BD,\OnlineRequestSystem\obj\Release\Package\PackageTmp\bin\
Microsoft.Owin.Security.MicrosoftAccount.dll,B505C9C7,\OnlineRequestSystem\obj\Release\Package\PackageTmp\bin\
Microsoft.Owin.Security.OAuth.dll,A55BB3C0,\OnlineRequestSystem\obj\Release\Package\PackageTmp\bin\
Microsoft.Owin.Security.Twitter.dll,530FBC2E,\OnlineRequestSystem\obj\Release\Package\PackageTmp\bin\
Microsoft.Web.Infrastructure.dll,36DE0C11,\OnlineRequestSystem\obj\Release\Package\PackageTmp\bin\
MySql.Data.dll,32CE9CD9,\OnlineRequestSystem\obj\Release\Package\PackageTmp\bin\
Newtonsoft.Json.dll,01FD7D66,\OnlineRequestSystem\obj\Release\Package\PackageTmp\bin\
OnlineRequestSystem.dll,403DC53C,\OnlineRequestSystem\obj\Release\Package\PackageTmp\bin\
OnlineRequestSystem.pdb,6A4C9A0A,\OnlineRequestSystem\obj\Release\Package\PackageTmp\bin\
Owin.dll,E2B31D64,\OnlineRequestSystem\obj\Release\Package\PackageTmp\bin\
System.Web.Helpers.dll,6B6CA960,\OnlineRequestSystem\obj\Release\Package\PackageTmp\bin\
System.Web.Mvc.dll,FF1BE7B1,\OnlineRequestSystem\obj\Release\Package\PackageTmp\bin\
System.Web.Optimization.dll,E5AA5279,\OnlineRequestSystem\obj\Release\Package\PackageTmp\bin\
System.Web.Razor.dll,177440A0,\OnlineRequestSystem\obj\Release\Package\PackageTmp\bin\
System.Web.WebPages.Deployment.dll,07370713,\OnlineRequestSystem\obj\Release\Package\PackageTmp\bin\
System.Web.WebPages.dll,A7A4636F,\OnlineRequestSystem\obj\Release\Package\PackageTmp\bin\
System.Web.WebPages.Razor.dll,94A50299,\OnlineRequestSystem\obj\Release\Package\PackageTmp\bin\
WebGrease.dll,77B1002E,\OnlineRequestSystem\obj\Release\Package\PackageTmp\bin\
dailyReport.cs,FBFE0F7B,\OnlineRequestSystem\obj\Release\Package\PackageTmp\bin\Report\
dailyReport.rpt,142F5661,\OnlineRequestSystem\obj\Release\Package\PackageTmp\bin\Report\
monthlyReport.cs,F77A146A,\OnlineRequestSystem\obj\Release\Package\PackageTmp\bin\Report\
monthlyReport.rpt,137EDC89,\OnlineRequestSystem\obj\Release\Package\PackageTmp\bin\Report\
bootstrap-datepicker.css,2E541CFF,\OnlineRequestSystem\obj\Release\Package\PackageTmp\Content\
bootstrap-datepicker.css.map,9AAD69D5,\OnlineRequestSystem\obj\Release\Package\PackageTmp\Content\
bootstrap-datepicker.min.css,CD226B4B,\OnlineRequestSystem\obj\Release\Package\PackageTmp\Content\
bootstrap-datepicker.min.css.map,25FF0D2B,\OnlineRequestSystem\obj\Release\Package\PackageTmp\Content\
bootstrap.css,D9E097FF,\OnlineRequestSystem\obj\Release\Package\PackageTmp\Content\
bootstrap.css.map,59080513,\OnlineRequestSystem\obj\Release\Package\PackageTmp\Content\
bootstrap.min.css,A21E6C14,\OnlineRequestSystem\obj\Release\Package\PackageTmp\Content\
bootstrap.min.css.map,386D58EC,\OnlineRequestSystem\obj\Release\Package\PackageTmp\Content\
dataTables.bootstrap4.min.css,A48B69A4,\OnlineRequestSystem\obj\Release\Package\PackageTmp\Content\
font-awesome.css,64B46411,\OnlineRequestSystem\obj\Release\Package\PackageTmp\Content\
font-awesome.min.css,1D50EB9F,\OnlineRequestSystem\obj\Release\Package\PackageTmp\Content\
jquery-ui.css,CE6168BE,\OnlineRequestSystem\obj\Release\Package\PackageTmp\Content\
ORTheme.css,FCD1D47C,\OnlineRequestSystem\obj\Release\Package\PackageTmp\Content\
Site.css,60847559,\OnlineRequestSystem\obj\Release\Package\PackageTmp\Content\
SiteHelpers.css,A3D3DCF8,\OnlineRequestSystem\obj\Release\Package\PackageTmp\Content\
glyphicons-halflings-regular.eot,9CB1C758,\OnlineRequestSystem\obj\Release\Package\PackageTmp\Content\fonts\
glyphicons-halflings-regular.svg,D1647584,\OnlineRequestSystem\obj\Release\Package\PackageTmp\Content\fonts\
glyphicons-halflings-regular.ttf,9C3C179A,\OnlineRequestSystem\obj\Release\Package\PackageTmp\Content\fonts\
glyphicons-halflings-regular.woff,F57B14EA,\OnlineRequestSystem\obj\Release\Package\PackageTmp\Content\fonts\
glyphicons-halflings-regular.woff2,61C3E876,\OnlineRequestSystem\obj\Release\Package\PackageTmp\Content\fonts\
Diamante.png,EE8A4E91,\OnlineRequestSystem\obj\Release\Package\PackageTmp\Content\images\
light_toast.png,14FFF512,\OnlineRequestSystem\obj\Release\Package\PackageTmp\Content\images\
loader.gif,6C6439A7,\OnlineRequestSystem\obj\Release\Package\PackageTmp\Content\images\
logored.png,025086C2,\OnlineRequestSystem\obj\Release\Package\PackageTmp\Content\images\
logowhite.png,E7BF49B3,\OnlineRequestSystem\obj\Release\Package\PackageTmp\Content\images\
mirrored_squares.png,918FC821,\OnlineRequestSystem\obj\Release\Package\PackageTmp\Content\images\
OnlineRequest.png,05B0BFE3,\OnlineRequestSystem\obj\Release\Package\PackageTmp\Content\images\
OnlineRequestLogo.png,FD4816D1,\OnlineRequestSystem\obj\Release\Package\PackageTmp\Content\images\
sandpaper.png,B28FE6D2,\OnlineRequestSystem\obj\Release\Package\PackageTmp\Content\images\
Simple_world_map.png,287E2B2A,\OnlineRequestSystem\obj\Release\Package\PackageTmp\Content\images\
IN_TRANSIT.png,60063510,\OnlineRequestSystem\obj\Release\Package\PackageTmp\Content\images\MMD\
IN_TRANSIT_BRANCH.png,0D12753B,\OnlineRequestSystem\obj\Release\Package\PackageTmp\Content\images\MMD\
IN_TRANSIT_BRANCH_SUCCESS.png,70EB26D2,\OnlineRequestSystem\obj\Release\Package\PackageTmp\Content\images\MMD\
IN_TRANSIT_DIVISION.png,1CAC9B39,\OnlineRequestSystem\obj\Release\Package\PackageTmp\Content\images\MMD\
IN_TRANSIT_DIVISION_SUCCESS.png,A7227E4B,\OnlineRequestSystem\obj\Release\Package\PackageTmp\Content\images\MMD\
IN_TRANSIT_SDC_SUCCESS.png,A1A3037F,\OnlineRequestSystem\obj\Release\Package\PackageTmp\Content\images\MMD\
PROCESS_PO.png,7C24525C,\OnlineRequestSystem\obj\Release\Package\PackageTmp\Content\images\MMD\
PROCESS_PO_SUCCESS.png,EAB7C105,\OnlineRequestSystem\obj\Release\Package\PackageTmp\Content\images\MMD\
RECEIVED_FROM_SUPPLIER.png,7DC9C44A,\OnlineRequestSystem\obj\Release\Package\PackageTmp\Content\images\MMD\
RECEIVED_FROM_SUPPLIER_SUCCESS.png,C51EA5C9,\OnlineRequestSystem\obj\Release\Package\PackageTmp\Content\images\MMD\
RECEIVED_ITEM_FROM_MMD.png,AEB18B59,\OnlineRequestSystem\obj\Release\Package\PackageTmp\Content\images\MMD\
RECEIVED_ITEM_FROM_MMD_SUCCESS.png,E9E30EA9,\OnlineRequestSystem\obj\Release\Package\PackageTmp\Content\images\MMD\
accordion.css,389C0656,\OnlineRequestSystem\obj\Release\Package\PackageTmp\Content\themes\base\
all.css,A463DA90,\OnlineRequestSystem\obj\Release\Package\PackageTmp\Content\themes\base\
autocomplete.css,4F2C978A,\OnlineRequestSystem\obj\Release\Package\PackageTmp\Content\themes\base\
base.css,5ADF550B,\OnlineRequestSystem\obj\Release\Package\PackageTmp\Content\themes\base\
button.css,B87A029F,\OnlineRequestSystem\obj\Release\Package\PackageTmp\Content\themes\base\
core.css,B9BB63FF,\OnlineRequestSystem\obj\Release\Package\PackageTmp\Content\themes\base\
datepicker.css,BD9EF584,\OnlineRequestSystem\obj\Release\Package\PackageTmp\Content\themes\base\
dialog.css,5B7A4EA3,\OnlineRequestSystem\obj\Release\Package\PackageTmp\Content\themes\base\
draggable.css,8DB96E2D,\OnlineRequestSystem\obj\Release\Package\PackageTmp\Content\themes\base\
jquery-ui.css,9EAFA8F5,\OnlineRequestSystem\obj\Release\Package\PackageTmp\Content\themes\base\
jquery-ui.min.css,F173B39D,\OnlineRequestSystem\obj\Release\Package\PackageTmp\Content\themes\base\
menu.css,3BFA72FA,\OnlineRequestSystem\obj\Release\Package\PackageTmp\Content\themes\base\
progressbar.css,BE123709,\OnlineRequestSystem\obj\Release\Package\PackageTmp\Content\themes\base\
resizable.css,5A2D9B61,\OnlineRequestSystem\obj\Release\Package\PackageTmp\Content\themes\base\
selectable.css,70C30E2E,\OnlineRequestSystem\obj\Release\Package\PackageTmp\Content\themes\base\
selectmenu.css,314E396D,\OnlineRequestSystem\obj\Release\Package\PackageTmp\Content\themes\base\
slider.css,4E6462E0,\OnlineRequestSystem\obj\Release\Package\PackageTmp\Content\themes\base\
sortable.css,16496E7A,\OnlineRequestSystem\obj\Release\Package\PackageTmp\Content\themes\base\
spinner.css,BE9FB1C9,\OnlineRequestSystem\obj\Release\Package\PackageTmp\Content\themes\base\
tabs.css,A2D4FD6A,\OnlineRequestSystem\obj\Release\Package\PackageTmp\Content\themes\base\
theme.css,780B93DC,\OnlineRequestSystem\obj\Release\Package\PackageTmp\Content\themes\base\
tooltip.css,69C4DAC6,\OnlineRequestSystem\obj\Release\Package\PackageTmp\Content\themes\base\
ui-bg_flat_0_aaaaaa_40x100.png,CDC4649C,\OnlineRequestSystem\obj\Release\Package\PackageTmp\Content\themes\base\images\
ui-bg_flat_75_ffffff_40x100.png,6F1F9859,\OnlineRequestSystem\obj\Release\Package\PackageTmp\Content\themes\base\images\
ui-bg_glass_55_fbf9ee_1x400.png,5C3B03F2,\OnlineRequestSystem\obj\Release\Package\PackageTmp\Content\themes\base\images\
ui-bg_glass_65_ffffff_1x400.png,B602AB91,\OnlineRequestSystem\obj\Release\Package\PackageTmp\Content\themes\base\images\
ui-bg_glass_75_dadada_1x400.png,87DB08B2,\OnlineRequestSystem\obj\Release\Package\PackageTmp\Content\themes\base\images\
ui-bg_glass_75_e6e6e6_1x400.png,6E2D04A8,\OnlineRequestSystem\obj\Release\Package\PackageTmp\Content\themes\base\images\
ui-bg_glass_95_fef1ec_1x400.png,A3F1659E,\OnlineRequestSystem\obj\Release\Package\PackageTmp\Content\themes\base\images\
ui-bg_highlight-soft_75_cccccc_1x100.png,0349582C,\OnlineRequestSystem\obj\Release\Package\PackageTmp\Content\themes\base\images\
ui-icons_222222_256x240.png,02EE7854,\OnlineRequestSystem\obj\Release\Package\PackageTmp\Content\themes\base\images\
ui-icons_2e83ff_256x240.png,BB8A60FC,\OnlineRequestSystem\obj\Release\Package\PackageTmp\Content\themes\base\images\
ui-icons_444444_256x240.png,5FEF0FED,\OnlineRequestSystem\obj\Release\Package\PackageTmp\Content\themes\base\images\
ui-icons_454545_256x240.png,6E8591DE,\OnlineRequestSystem\obj\Release\Package\PackageTmp\Content\themes\base\images\
ui-icons_555555_256x240.png,E707E059,\OnlineRequestSystem\obj\Release\Package\PackageTmp\Content\themes\base\images\
ui-icons_777620_256x240.png,0827C809,\OnlineRequestSystem\obj\Release\Package\PackageTmp\Content\themes\base\images\
ui-icons_777777_256x240.png,F7488B01,\OnlineRequestSystem\obj\Release\Package\PackageTmp\Content\themes\base\images\
ui-icons_888888_256x240.png,98E8B201,\OnlineRequestSystem\obj\Release\Package\PackageTmp\Content\themes\base\images\
ui-icons_cc0000_256x240.png,429DF85E,\OnlineRequestSystem\obj\Release\Package\PackageTmp\Content\themes\base\images\
ui-icons_cd0a0a_256x240.png,182E709E,\OnlineRequestSystem\obj\Release\Package\PackageTmp\Content\themes\base\images\
ui-icons_ffffff_256x240.png,82A372FD,\OnlineRequestSystem\obj\Release\Package\PackageTmp\Content\themes\base\images\
ReportDataset.xsc,D3703473,\OnlineRequestSystem\obj\Release\Package\PackageTmp\Dataset\
ReportDataset.xss,34D18FA8,\OnlineRequestSystem\obj\Release\Package\PackageTmp\Dataset\
fontawesome-webfont.eot,BA1D704F,\OnlineRequestSystem\obj\Release\Package\PackageTmp\fonts\
fontawesome-webfont.svg,CC08644D,\OnlineRequestSystem\obj\Release\Package\PackageTmp\fonts\
fontawesome-webfont.ttf,C544BC5C,\OnlineRequestSystem\obj\Release\Package\PackageTmp\fonts\
fontawesome-webfont.woff,E07B3318,\OnlineRequestSystem\obj\Release\Package\PackageTmp\fonts\
fontawesome-webfont.woff2,5517C3A7,\OnlineRequestSystem\obj\Release\Package\PackageTmp\fonts\
FontAwesome.otf,C282A131,\OnlineRequestSystem\obj\Release\Package\PackageTmp\fonts\
glyphicons-halflings-regular.eot,41FAD57F,\OnlineRequestSystem\obj\Release\Package\PackageTmp\fonts\
glyphicons-halflings-regular.svg,3E642B6D,\OnlineRequestSystem\obj\Release\Package\PackageTmp\fonts\
glyphicons-halflings-regular.ttf,8E6B714C,\OnlineRequestSystem\obj\Release\Package\PackageTmp\fonts\
glyphicons-halflings-regular.woff,E2A8FC81,\OnlineRequestSystem\obj\Release\Package\PackageTmp\fonts\
dailyReport.rpt,142F5661,\OnlineRequestSystem\obj\Release\Package\PackageTmp\Report\
inventoryReport.rpt,1F208A07,\OnlineRequestSystem\obj\Release\Package\PackageTmp\Report\
issuanceForm.rpt,AFFF3F35,\OnlineRequestSystem\obj\Release\Package\PackageTmp\Report\
monthlyReport.rpt,137EDC89,\OnlineRequestSystem\obj\Release\Package\PackageTmp\Report\
request.rpt,23667BCD,\OnlineRequestSystem\obj\Release\Package\PackageTmp\Report\
AlphaNumeric.js,C579F7E8,\OnlineRequestSystem\obj\Release\Package\PackageTmp\Scripts\
bootbox.js,ADA93DFF,\OnlineRequestSystem\obj\Release\Package\PackageTmp\Scripts\
bootbox.min.js,0B0D5C01,\OnlineRequestSystem\obj\Release\Package\PackageTmp\Scripts\
bootbox.min.js.map,E7506C4D,\OnlineRequestSystem\obj\Release\Package\PackageTmp\Scripts\
bootstrap-datepicker.js,7A0D5CCD,\OnlineRequestSystem\obj\Release\Package\PackageTmp\Scripts\
bootstrap-datepicker.min.js,DA298083,\OnlineRequestSystem\obj\Release\Package\PackageTmp\Scripts\
bootstrap-datepicker.min.js.map,8F64FF5C,\OnlineRequestSystem\obj\Release\Package\PackageTmp\Scripts\
bootstrap.js,E93CFE92,\OnlineRequestSystem\obj\Release\Package\PackageTmp\Scripts\
bootstrap.min.js,037997DD,\OnlineRequestSystem\obj\Release\Package\PackageTmp\Scripts\
bootstrap.min.js.map,097C268D,\OnlineRequestSystem\obj\Release\Package\PackageTmp\Scripts\
disable.js,F4B8C221,\OnlineRequestSystem\obj\Release\Package\PackageTmp\Scripts\
idle.js,F0747A9E,\OnlineRequestSystem\obj\Release\Package\PackageTmp\Scripts\
Inactivity.js,64A9FDA6,\OnlineRequestSystem\obj\Release\Package\PackageTmp\Scripts\
jquery-3.1.1.js,369465D3,\OnlineRequestSystem\obj\Release\Package\PackageTmp\Scripts\
jquery-3.1.1.min.js,6159FCFF,\OnlineRequestSystem\obj\Release\Package\PackageTmp\Scripts\
jquery-3.1.1.min.js.map,2F97BC0C,\OnlineRequestSystem\obj\Release\Package\PackageTmp\Scripts\
jquery-3.1.1.min.map,316D92B4,\OnlineRequestSystem\obj\Release\Package\PackageTmp\Scripts\
jquery-3.1.1.slim.js,359F0F13,\OnlineRequestSystem\obj\Release\Package\PackageTmp\Scripts\
jquery-3.1.1.slim.min.js,E6A92A22,\OnlineRequestSystem\obj\Release\Package\PackageTmp\Scripts\
jquery-3.1.1.slim.min.js.map,53B75662,\OnlineRequestSystem\obj\Release\Package\PackageTmp\Scripts\
jquery-3.1.1.slim.min.map,3E0DFB8D,\OnlineRequestSystem\obj\Release\Package\PackageTmp\Scripts\
jquery-ui-1.12.1.js,975BEC9C,\OnlineRequestSystem\obj\Release\Package\PackageTmp\Scripts\
jquery-ui-1.12.1.min.js,CC6AC09C,\OnlineRequestSystem\obj\Release\Package\PackageTmp\Scripts\
jquery-ui-1.12.1.min.js.map,B4B00DA6,\OnlineRequestSystem\obj\Release\Package\PackageTmp\Scripts\
jquery.unobtrusive-ajax.js,F9A78133,\OnlineRequestSystem\obj\Release\Package\PackageTmp\Scripts\
jquery.unobtrusive-ajax.min.js,34606ED1,\OnlineRequestSystem\obj\Release\Package\PackageTmp\Scripts\
jquery.unobtrusive-ajax.min.js.map,CB21DA46,\OnlineRequestSystem\obj\Release\Package\PackageTmp\Scripts\
jquery.validate.js,CE730474,\OnlineRequestSystem\obj\Release\Package\PackageTmp\Scripts\
jquery.validate.min.js,270F49A5,\OnlineRequestSystem\obj\Release\Package\PackageTmp\Scripts\
jquery.validate.min.js.map,EBDDEF61,\OnlineRequestSystem\obj\Release\Package\PackageTmp\Scripts\
jquery.validate.unobtrusive.js,2485BD89,\OnlineRequestSystem\obj\Release\Package\PackageTmp\Scripts\
jquery.validate.unobtrusive.min.js,3FCC92AE,\OnlineRequestSystem\obj\Release\Package\PackageTmp\Scripts\
modernizr-2.8.3.js,7C7752F2,\OnlineRequestSystem\obj\Release\Package\PackageTmp\Scripts\
notify.js,1A43EE1D,\OnlineRequestSystem\obj\Release\Package\PackageTmp\Scripts\
respond.js,C2CC765A,\OnlineRequestSystem\obj\Release\Package\PackageTmp\Scripts\
respond.min.js,F46F1EF8,\OnlineRequestSystem\obj\Release\Package\PackageTmp\Scripts\
respond.min.js.map,22153F01,\OnlineRequestSystem\obj\Release\Package\PackageTmp\Scripts\
SourceNotAllowed.js,46A251FD,\OnlineRequestSystem\obj\Release\Package\PackageTmp\Scripts\
_references.js,A2BEF953,\OnlineRequestSystem\obj\Release\Package\PackageTmp\Scripts\
AddReqType.js,96A23D51,\OnlineRequestSystem\obj\Release\Package\PackageTmp\Scripts\HDScripts\
Department.js,587DCDD8,\OnlineRequestSystem\obj\Release\Package\PackageTmp\Scripts\HDScripts\
Division.js,9465DB61,\OnlineRequestSystem\obj\Release\Package\PackageTmp\Scripts\HDScripts\
VPAssistant.js,D56672BE,\OnlineRequestSystem\obj\Release\Package\PackageTmp\Scripts\HDScripts\
loaders.js,CD611F8D,\OnlineRequestSystem\obj\Release\Package\PackageTmp\Scripts\Loaders\
loaderJS.js,0A9247C1,\OnlineRequestSystem\obj\Release\Package\PackageTmp\Scripts\Login\
LocalStorageCleaner.js,7E095100,\OnlineRequestSystem\obj\Release\Package\PackageTmp\Scripts\Login\
MultiApprove_AM.js,F3CC2C51,\OnlineRequestSystem\obj\Release\Package\PackageTmp\Scripts\MultiApproval\
MultiApprove_Div.js,556F194B,\OnlineRequestSystem\obj\Release\Package\PackageTmp\Scripts\MultiApproval\
MultiApprove_DM.js,A453827F,\OnlineRequestSystem\obj\Release\Package\PackageTmp\Scripts\MultiApproval\
MultiApprove_President.js,3AFFB2AD,\OnlineRequestSystem\obj\Release\Package\PackageTmp\Scripts\MultiApproval\
MultiApprove_RM.js,B4802D55,\OnlineRequestSystem\obj\Release\Package\PackageTmp\Scripts\MultiApproval\
MultiApprove_VP.js,07807A4C,\OnlineRequestSystem\obj\Release\Package\PackageTmp\Scripts\MultiApproval\
MultiApprove_VPassistant.js,69BC925F,\OnlineRequestSystem\obj\Release\Package\PackageTmp\Scripts\MultiApproval\
MultipleDisapprove.js,E16F8363,\OnlineRequestSystem\obj\Release\Package\PackageTmp\Scripts\MultiApproval\
StateSaving.js,DE401846,\OnlineRequestSystem\obj\Release\Package\PackageTmp\Scripts\OpenRequests\
ReportMenu.js,087F9977,\OnlineRequestSystem\obj\Release\Package\PackageTmp\Scripts\Reports\
SDCReport.js,54B1D709,\OnlineRequestSystem\obj\Release\Package\PackageTmp\Scripts\Reports\
ApproveRequest.js,7BB35C4A,\OnlineRequestSystem\obj\Release\Package\PackageTmp\Scripts\Request\
CloseOrDisapprove.js,9885306B,\OnlineRequestSystem\obj\Release\Package\PackageTmp\Scripts\Request\
createformview.js,61E8AE76,\OnlineRequestSystem\obj\Release\Package\PackageTmp\Scripts\Request\
MMDButtons.js,C3035C07,\OnlineRequestSystem\obj\Release\Package\PackageTmp\Scripts\Request\
MoveToPending.js,FE9FAB9C,\OnlineRequestSystem\obj\Release\Package\PackageTmp\Scripts\Request\
pagination.js,E959FCA5,\OnlineRequestSystem\obj\Release\Package\PackageTmp\Scripts\Request\
PrintFunctions.js,86992051,\OnlineRequestSystem\obj\Release\Package\PackageTmp\Scripts\Request\
RequestDetails.js,058053EE,\OnlineRequestSystem\obj\Release\Package\PackageTmp\Scripts\Request\
RequestFormView.js,EA724766,\OnlineRequestSystem\obj\Release\Package\PackageTmp\Scripts\Request\
RMButtons.js,7106ECDF,\OnlineRequestSystem\obj\Release\Package\PackageTmp\Scripts\Request\
BranchStatus.js,3DE1294E,\OnlineRequestSystem\obj\Release\Package\PackageTmp\Scripts\Request\ItemOptions\
DivStatus.js,8D61AA6C,\OnlineRequestSystem\obj\Release\Package\PackageTmp\Scripts\Request\ItemOptions\
MMDstatus.js,3560E441,\OnlineRequestSystem\obj\Release\Package\PackageTmp\Scripts\Request\ItemOptions\
SDCStatus.js,E8E2C5B0,\OnlineRequestSystem\obj\Release\Package\PackageTmp\Scripts\Request\ItemOptions\
BranchItems.js,D48BD0B7,\OnlineRequestSystem\obj\Release\Package\PackageTmp\Scripts\Request\RequestItems\
DivItems.js,15420590,\OnlineRequestSystem\obj\Release\Package\PackageTmp\Scripts\Request\RequestItems\
MMDItems.js,93985B18,\OnlineRequestSystem\obj\Release\Package\PackageTmp\Scripts\Request\RequestItems\
SDCItems.js,96D88E78,\OnlineRequestSystem\obj\Release\Package\PackageTmp\Scripts\Request\RequestItems\
dataTables.min.js,D7C59E7F,\OnlineRequestSystem\obj\Release\Package\PackageTmp\Scripts\table\
jquery.dataTables.min.js,EC54FE06,\OnlineRequestSystem\obj\Release\Package\PackageTmp\Scripts\table\
table.js,262552B6,\OnlineRequestSystem\obj\Release\Package\PackageTmp\Scripts\table\
Web.config,A08177BA,\OnlineRequestSystem\obj\Release\Package\PackageTmp\Views\
_ViewStart.cshtml,7F9FA729,\OnlineRequestSystem\obj\Release\Package\PackageTmp\Views\
closeRequestDetails.cshtml,C16CF92F,\OnlineRequestSystem\obj\Release\Package\PackageTmp\Views\CloseRequest\
ViewCloseRequest.cshtml,4DDF2173,\OnlineRequestSystem\obj\Release\Package\PackageTmp\Views\CloseRequest\
_AMApproval.cshtml,8D05AFD8,\OnlineRequestSystem\obj\Release\Package\PackageTmp\Views\CloseRequest\DetailsPartials\
_DivApproval.cshtml,E414D7B9,\OnlineRequestSystem\obj\Release\Package\PackageTmp\Views\CloseRequest\DetailsPartials\
_DivApproval2.cshtml,018AF862,\OnlineRequestSystem\obj\Release\Package\PackageTmp\Views\CloseRequest\DetailsPartials\
_DivApproval3.cshtml,0CAB2811,\OnlineRequestSystem\obj\Release\Package\PackageTmp\Views\CloseRequest\DetailsPartials\
_DMApproval.cshtml,104AD4FB,\OnlineRequestSystem\obj\Release\Package\PackageTmp\Views\CloseRequest\DetailsPartials\
_GMApproval.cshtml,161A9C56,\OnlineRequestSystem\obj\Release\Package\PackageTmp\Views\CloseRequest\DetailsPartials\
_LocalDiv.cshtml,AD602717,\OnlineRequestSystem\obj\Release\Package\PackageTmp\Views\CloseRequest\DetailsPartials\
_MMDProcesses.cshtml,9BEE5336,\OnlineRequestSystem\obj\Release\Package\PackageTmp\Views\CloseRequest\DetailsPartials\
_PresApproval.cshtml,8CF44DFC,\OnlineRequestSystem\obj\Release\Package\PackageTmp\Views\CloseRequest\DetailsPartials\
_RMApproval.cshtml,A6BE93E0,\OnlineRequestSystem\obj\Release\Package\PackageTmp\Views\CloseRequest\DetailsPartials\
_VPAssistant.cshtml,FC7DB21E,\OnlineRequestSystem\obj\Release\Package\PackageTmp\Views\CloseRequest\DetailsPartials\
Department.cshtml,2E4CF597,\OnlineRequestSystem\obj\Release\Package\PackageTmp\Views\MMD\
Division.cshtml,219E1C4E,\OnlineRequestSystem\obj\Release\Package\PackageTmp\Views\MMD\
RequestType.cshtml,2434E3EE,\OnlineRequestSystem\obj\Release\Package\PackageTmp\Views\MMD\
viewMMDStatus.cshtml,BA5D76B5,\OnlineRequestSystem\obj\Release\Package\PackageTmp\Views\MMD\
VPAssistant.cshtml,3A9B188F,\OnlineRequestSystem\obj\Release\Package\PackageTmp\Views\MMD\
_AddDepartment.cshtml,09487978,\OnlineRequestSystem\obj\Release\Package\PackageTmp\Views\MMD\
_AddDivision.cshtml,4FBE553D,\OnlineRequestSystem\obj\Release\Package\PackageTmp\Views\MMD\
_AddRequestType.cshtml,EF7F289D,\OnlineRequestSystem\obj\Release\Package\PackageTmp\Views\MMD\
Div_OpenRequest.cshtml,F1DB7194,\OnlineRequestSystem\obj\Release\Package\PackageTmp\Views\OpenRequest\
GMO_OpenRequests.cshtml,435626A5,\OnlineRequestSystem\obj\Release\Package\PackageTmp\Views\OpenRequest\
LocalRequests.cshtml,786A59F0,\OnlineRequestSystem\obj\Release\Package\PackageTmp\Views\OpenRequest\
MMD_OpenRequests.cshtml,72EF690D,\OnlineRequestSystem\obj\Release\Package\PackageTmp\Views\OpenRequest\
MyRequests.cshtml,48E2D9B2,\OnlineRequestSystem\obj\Release\Package\PackageTmp\Views\OpenRequest\
RequestDetails.cshtml,B13938B7,\OnlineRequestSystem\obj\Release\Package\PackageTmp\Views\OpenRequest\
ViewOpenRequest.cshtml,E347F3B5,\OnlineRequestSystem\obj\Release\Package\PackageTmp\Views\OpenRequest\
_AMApproval.cshtml,162D2DE4,\OnlineRequestSystem\obj\Release\Package\PackageTmp\Views\OpenRequest\DetailsPartials\
_DivApproval.cshtml,B806AB68,\OnlineRequestSystem\obj\Release\Package\PackageTmp\Views\OpenRequest\DetailsPartials\
_DivApproval2.cshtml,CD73869A,\OnlineRequestSystem\obj\Release\Package\PackageTmp\Views\OpenRequest\DetailsPartials\
_DivApproval3.cshtml,C145F825,\OnlineRequestSystem\obj\Release\Package\PackageTmp\Views\OpenRequest\DetailsPartials\
_DMApproval.cshtml,500BF5A6,\OnlineRequestSystem\obj\Release\Package\PackageTmp\Views\OpenRequest\DetailsPartials\
_GMApproval.cshtml,4D7C759E,\OnlineRequestSystem\obj\Release\Package\PackageTmp\Views\OpenRequest\DetailsPartials\
_LocalDIV.cshtml,9068B5A8,\OnlineRequestSystem\obj\Release\Package\PackageTmp\Views\OpenRequest\DetailsPartials\
_MMDProcesses.cshtml,AAF96F02,\OnlineRequestSystem\obj\Release\Package\PackageTmp\Views\OpenRequest\DetailsPartials\
_PresApproval.cshtml,A876FFBF,\OnlineRequestSystem\obj\Release\Package\PackageTmp\Views\OpenRequest\DetailsPartials\
_RMApproval.cshtml,2C788C83,\OnlineRequestSystem\obj\Release\Package\PackageTmp\Views\OpenRequest\DetailsPartials\
_VPAssistant.cshtml,A276C889,\OnlineRequestSystem\obj\Release\Package\PackageTmp\Views\OpenRequest\DetailsPartials\
_AreaManager.cshtml,5B619D04,\OnlineRequestSystem\obj\Release\Package\PackageTmp\Views\OpenRequest\OpenReqPartials\
_DepartmentManager.cshtml,4FB92FAC,\OnlineRequestSystem\obj\Release\Package\PackageTmp\Views\OpenRequest\OpenReqPartials\
_President.cshtml,3D97649F,\OnlineRequestSystem\obj\Release\Package\PackageTmp\Views\OpenRequest\OpenReqPartials\
_RegionalManager.cshtml,FF37B720,\OnlineRequestSystem\obj\Release\Package\PackageTmp\Views\OpenRequest\OpenReqPartials\
PendingDetails.cshtml,08E94AFE,\OnlineRequestSystem\obj\Release\Package\PackageTmp\Views\Pending\
PendingRequests.cshtml,D049CD3E,\OnlineRequestSystem\obj\Release\Package\PackageTmp\Views\Pending\
_AMApproval.cshtml,6F823D66,\OnlineRequestSystem\obj\Release\Package\PackageTmp\Views\Pending\DetailsPartials\
_DivApproval.cshtml,B806AB68,\OnlineRequestSystem\obj\Release\Package\PackageTmp\Views\Pending\DetailsPartials\
_DivApproval2.cshtml,CD73869A,\OnlineRequestSystem\obj\Release\Package\PackageTmp\Views\Pending\DetailsPartials\
_DivApproval3.cshtml,C145F825,\OnlineRequestSystem\obj\Release\Package\PackageTmp\Views\Pending\DetailsPartials\
_DMApproval.cshtml,500BF5A6,\OnlineRequestSystem\obj\Release\Package\PackageTmp\Views\Pending\DetailsPartials\
_GMApproval.cshtml,4D7C759E,\OnlineRequestSystem\obj\Release\Package\PackageTmp\Views\Pending\DetailsPartials\
_LocalDIV.cshtml,9068B5A8,\OnlineRequestSystem\obj\Release\Package\PackageTmp\Views\Pending\DetailsPartials\
_MMDProcesses.cshtml,AAF96F02,\OnlineRequestSystem\obj\Release\Package\PackageTmp\Views\Pending\DetailsPartials\
_PresApproval.cshtml,A876FFBF,\OnlineRequestSystem\obj\Release\Package\PackageTmp\Views\Pending\DetailsPartials\
_RMApproval.cshtml,2C788C83,\OnlineRequestSystem\obj\Release\Package\PackageTmp\Views\Pending\DetailsPartials\
_VPAssistant.cshtml,A276C889,\OnlineRequestSystem\obj\Release\Package\PackageTmp\Views\Pending\DetailsPartials\
_Pending_AM.cshtml,A82BF902,\OnlineRequestSystem\obj\Release\Package\PackageTmp\Views\Pending\PendingReqPartials\
_Pending_Div.cshtml,D6313A2C,\OnlineRequestSystem\obj\Release\Package\PackageTmp\Views\Pending\PendingReqPartials\
_Pending_DM.cshtml,0E22738C,\OnlineRequestSystem\obj\Release\Package\PackageTmp\Views\Pending\PendingReqPartials\
_Pending_GM.cshtml,C01B378C,\OnlineRequestSystem\obj\Release\Package\PackageTmp\Views\Pending\PendingReqPartials\
_Pending_MMD.cshtml,FFBABDAA,\OnlineRequestSystem\obj\Release\Package\PackageTmp\Views\Pending\PendingReqPartials\
_Pending_Pres.cshtml,D62545F4,\OnlineRequestSystem\obj\Release\Package\PackageTmp\Views\Pending\PendingReqPartials\
_Pending_RM.cshtml,8872E71E,\OnlineRequestSystem\obj\Release\Package\PackageTmp\Views\Pending\PendingReqPartials\
ReportsMenu.cshtml,620536EF,\OnlineRequestSystem\obj\Release\Package\PackageTmp\Views\Reports\
RequestFormView.cshtml,AC20BAA1,\OnlineRequestSystem\obj\Release\Package\PackageTmp\Views\Request\
SDC.cshtml,D29D3F07,\OnlineRequestSystem\obj\Release\Package\PackageTmp\Views\SDC\
SDCReport.cshtml,AD5CC7C5,\OnlineRequestSystem\obj\Release\Package\PackageTmp\Views\SDC\
viewReceived.cshtml,94440B48,\OnlineRequestSystem\obj\Release\Package\PackageTmp\Views\SDC\
viewSDCStatus.cshtml,94440B48,\OnlineRequestSystem\obj\Release\Package\PackageTmp\Views\SDC\
Error.cshtml,FB807C78,\OnlineRequestSystem\obj\Release\Package\PackageTmp\Views\Shared\
_CloseReqConfirmation.cshtml,F3DD2796,\OnlineRequestSystem\obj\Release\Package\PackageTmp\Views\Shared\
_DisapproveConfirmation.cshtml,FB8CF7A3,\OnlineRequestSystem\obj\Release\Package\PackageTmp\Views\Shared\
_ErrorLayout.cshtml,8502EBFC,\OnlineRequestSystem\obj\Release\Package\PackageTmp\Views\Shared\
_Helpdesk.cshtml,996EEAE2,\OnlineRequestSystem\obj\Release\Package\PackageTmp\Views\Shared\
_Layout.cshtml,FD09F68B,\OnlineRequestSystem\obj\Release\Package\PackageTmp\Views\Shared\
_Loader.cshtml,C53ED0D3,\OnlineRequestSystem\obj\Release\Package\PackageTmp\Views\Shared\
_LoginPartial.cshtml,D19694EA,\OnlineRequestSystem\obj\Release\Package\PackageTmp\Views\Shared\
_MMD.cshtml,594786DB,\OnlineRequestSystem\obj\Release\Package\PackageTmp\Views\Shared\
_RM.cshtml,9B1665D9,\OnlineRequestSystem\obj\Release\Package\PackageTmp\Views\Shared\
_divmenu.cshtml,03FA3EA3,\OnlineRequestSystem\obj\Release\Package\PackageTmp\Views\Shared\NavMenus\
_gmomenu.cshtml,A799C623,\OnlineRequestSystem\obj\Release\Package\PackageTmp\Views\Shared\NavMenus\
Login.cshtml,62BCB8D4,\OnlineRequestSystem\obj\Release\Package\PackageTmp\Views\Userlogin\
_LoginLayout.cshtml,72492FFB,\OnlineRequestSystem\obj\Release\Package\PackageTmp\Views\Userlogin\
BranchRequests.cshtml,E6264A1D,\OnlineRequestSystem\obj\Release\Package\PackageTmp\Views\VPAssistant\
Dataset.ReportDataset.Designer.cs.dll,303C64F5,\OnlineRequestSystem\obj\Release\TempPE\
Report.dailyReport.cs.dll,F55BF50C,\OnlineRequestSystem\obj\Release\TempPE\
Report.inventoryReport.cs.dll,66BDFEC3,\OnlineRequestSystem\obj\Release\TempPE\
Report.issuanceForm.cs.dll,E8D2E987,\OnlineRequestSystem\obj\Release\TempPE\
Report.monthlyReport.cs.dll,F1FDAB0B,\OnlineRequestSystem\obj\Release\TempPE\
Report.request.cs.dll,BDCA6B4B,\OnlineRequestSystem\obj\Release\TempPE\
Web.config,A748198D,\OnlineRequestSystem\obj\Release\TransformWebConfig\assist\
Web.config,9748E45A,\OnlineRequestSystem\obj\Release\TransformWebConfig\original\
Web.config,8E552755,\OnlineRequestSystem\obj\Release\TransformWebConfig\transformed\
AssemblyInfo.cs,00880B1C,\OnlineRequestSystem\Properties\
FolderProfile.pubxml,01DA4F1E,\OnlineRequestSystem\Properties\PublishProfiles\
FolderProfile.pubxml.user,889CCC87,\OnlineRequestSystem\Properties\PublishProfiles\
pailou.pubxml,EECF1840,\OnlineRequestSystem\Properties\PublishProfiles\
pailou.pubxml.user,490D6791,\OnlineRequestSystem\Properties\PublishProfiles\
dailyReport.cs,FBFE0F7B,\OnlineRequestSystem\Report\
dailyReport.rpt,142F5661,\OnlineRequestSystem\Report\
inventoryReport.cs,CBF0EA09,\OnlineRequestSystem\Report\
inventoryReport.rpt,1F208A07,\OnlineRequestSystem\Report\
issuanceForm.cs,EE450DFF,\OnlineRequestSystem\Report\
issuanceForm.rpt,AFFF3F35,\OnlineRequestSystem\Report\
monthlyReport.cs,F77A146A,\OnlineRequestSystem\Report\
monthlyReport.rpt,137EDC89,\OnlineRequestSystem\Report\
request.cs,6ADD9B60,\OnlineRequestSystem\Report\
request.rpt,23667BCD,\OnlineRequestSystem\Report\
AlphaNumeric.js,C579F7E8,\OnlineRequestSystem\Scripts\
bootbox.js,ADA93DFF,\OnlineRequestSystem\Scripts\
bootbox.min.js,0B0D5C01,\OnlineRequestSystem\Scripts\
bootbox.min.js.map,E7506C4D,\OnlineRequestSystem\Scripts\
bootstrap-datepicker.js,7A0D5CCD,\OnlineRequestSystem\Scripts\
bootstrap-datepicker.min.js,DA298083,\OnlineRequestSystem\Scripts\
bootstrap-datepicker.min.js.map,8F64FF5C,\OnlineRequestSystem\Scripts\
bootstrap.js,E93CFE92,\OnlineRequestSystem\Scripts\
bootstrap.min.js,037997DD,\OnlineRequestSystem\Scripts\
bootstrap.min.js.map,097C268D,\OnlineRequestSystem\Scripts\
disable.js,F4B8C221,\OnlineRequestSystem\Scripts\
idle.js,F0747A9E,\OnlineRequestSystem\Scripts\
Inactivity.js,64A9FDA6,\OnlineRequestSystem\Scripts\
jquery-3.1.1.intellisense.js,82B5242C,\OnlineRequestSystem\Scripts\
jquery-3.1.1.js,369465D3,\OnlineRequestSystem\Scripts\
jquery-3.1.1.min.js,6159FCFF,\OnlineRequestSystem\Scripts\
jquery-3.1.1.min.js.map,2F97BC0C,\OnlineRequestSystem\Scripts\
jquery-3.1.1.min.map,316D92B4,\OnlineRequestSystem\Scripts\
jquery-3.1.1.slim.js,359F0F13,\OnlineRequestSystem\Scripts\
jquery-3.1.1.slim.min.js,E6A92A22,\OnlineRequestSystem\Scripts\
jquery-3.1.1.slim.min.js.map,53B75662,\OnlineRequestSystem\Scripts\
jquery-3.1.1.slim.min.map,3E0DFB8D,\OnlineRequestSystem\Scripts\
jquery-ui-1.12.1.js,975BEC9C,\OnlineRequestSystem\Scripts\
jquery-ui-1.12.1.min.js,CC6AC09C,\OnlineRequestSystem\Scripts\
jquery-ui-1.12.1.min.js.map,B4B00DA6,\OnlineRequestSystem\Scripts\
jquery.unobtrusive-ajax.js,F9A78133,\OnlineRequestSystem\Scripts\
jquery.unobtrusive-ajax.min.js,34606ED1,\OnlineRequestSystem\Scripts\
jquery.unobtrusive-ajax.min.js.map,CB21DA46,\OnlineRequestSystem\Scripts\
jquery.validate-vsdoc.js,347DEC3A,\OnlineRequestSystem\Scripts\
jquery.validate.js,CE730474,\OnlineRequestSystem\Scripts\
jquery.validate.min.js,270F49A5,\OnlineRequestSystem\Scripts\
jquery.validate.min.js.map,EBDDEF61,\OnlineRequestSystem\Scripts\
jquery.validate.unobtrusive.js,2485BD89,\OnlineRequestSystem\Scripts\
jquery.validate.unobtrusive.min.js,3FCC92AE,\OnlineRequestSystem\Scripts\
modernizr-2.8.3.js,7C7752F2,\OnlineRequestSystem\Scripts\
notify.js,1A43EE1D,\OnlineRequestSystem\Scripts\
respond.js,C2CC765A,\OnlineRequestSystem\Scripts\
respond.min.js,F46F1EF8,\OnlineRequestSystem\Scripts\
respond.min.js.map,22153F01,\OnlineRequestSystem\Scripts\
SourceNotAllowed.js,46A251FD,\OnlineRequestSystem\Scripts\
_references.js,A2BEF953,\OnlineRequestSystem\Scripts\
AddReqType.js,96A23D51,\OnlineRequestSystem\Scripts\HDScripts\
Department.js,587DCDD8,\OnlineRequestSystem\Scripts\HDScripts\
Division.js,9465DB61,\OnlineRequestSystem\Scripts\HDScripts\
VPAssistant.js,D56672BE,\OnlineRequestSystem\Scripts\HDScripts\
loaders.js,CD611F8D,\OnlineRequestSystem\Scripts\Loaders\
loaderJS.js,0A9247C1,\OnlineRequestSystem\Scripts\Login\
LocalStorageCleaner.js,7E095100,\OnlineRequestSystem\Scripts\Login\
MultiApprove_AM.js,F3CC2C51,\OnlineRequestSystem\Scripts\MultiApproval\
MultiApprove_Div.js,556F194B,\OnlineRequestSystem\Scripts\MultiApproval\
MultiApprove_DM.js,A453827F,\OnlineRequestSystem\Scripts\MultiApproval\
MultiApprove_President.js,3AFFB2AD,\OnlineRequestSystem\Scripts\MultiApproval\
MultiApprove_RM.js,B4802D55,\OnlineRequestSystem\Scripts\MultiApproval\
MultiApprove_VP.js,07807A4C,\OnlineRequestSystem\Scripts\MultiApproval\
MultiApprove_VPassistant.js,69BC925F,\OnlineRequestSystem\Scripts\MultiApproval\
MultipleDisapprove.js,E16F8363,\OnlineRequestSystem\Scripts\MultiApproval\
StateSaving.js,DE401846,\OnlineRequestSystem\Scripts\OpenRequests\
ReportMenu.js,087F9977,\OnlineRequestSystem\Scripts\Reports\
SDCReport.js,54B1D709,\OnlineRequestSystem\Scripts\Reports\
ApproveRequest.js,7BB35C4A,\OnlineRequestSystem\Scripts\Request\
CloseOrDisapprove.js,9885306B,\OnlineRequestSystem\Scripts\Request\
createformview.js,61E8AE76,\OnlineRequestSystem\Scripts\Request\
MMDButtons.js,C3035C07,\OnlineRequestSystem\Scripts\Request\
MoveToPending.js,FE9FAB9C,\OnlineRequestSystem\Scripts\Request\
pagination.js,E959FCA5,\OnlineRequestSystem\Scripts\Request\
PrintFunctions.js,86992051,\OnlineRequestSystem\Scripts\Request\
RequestDetails.js,058053EE,\OnlineRequestSystem\Scripts\Request\
RequestFormView.js,EA724766,\OnlineRequestSystem\Scripts\Request\
RMButtons.js,7106ECDF,\OnlineRequestSystem\Scripts\Request\
BranchStatus.js,3DE1294E,\OnlineRequestSystem\Scripts\Request\ItemOptions\
DivStatus.js,8D61AA6C,\OnlineRequestSystem\Scripts\Request\ItemOptions\
MMDstatus.js,3560E441,\OnlineRequestSystem\Scripts\Request\ItemOptions\
SDCStatus.js,E8E2C5B0,\OnlineRequestSystem\Scripts\Request\ItemOptions\
BranchItems.js,D48BD0B7,\OnlineRequestSystem\Scripts\Request\RequestItems\
DivItems.js,15420590,\OnlineRequestSystem\Scripts\Request\RequestItems\
MMDItems.js,93985B18,\OnlineRequestSystem\Scripts\Request\RequestItems\
SDCItems.js,96D88E78,\OnlineRequestSystem\Scripts\Request\RequestItems\
dataTables.min.js,D7C59E7F,\OnlineRequestSystem\Scripts\table\
jquery.dataTables.min.js,EC54FE06,\OnlineRequestSystem\Scripts\table\
table.js,262552B6,\OnlineRequestSystem\Scripts\table\
AutoApproving.cs,627C0064,\OnlineRequestSystem\Service\
GetQueries.cs,6D704EF5,\OnlineRequestSystem\Service\
Helper.cs,615F2D19,\OnlineRequestSystem\Service\
MMDQueries.cs,2C4D3293,\OnlineRequestSystem\Service\
MultiApproving.cs,9E8F4643,\OnlineRequestSystem\Service\
OpenQueries.cs,445C4184,\OnlineRequestSystem\Service\
PendingQueries.cs,A067AED7,\OnlineRequestSystem\Service\
RequestQueries.cs,5DED448F,\OnlineRequestSystem\Service\
Web.config,A08177BA,\OnlineRequestSystem\Views\
_ViewStart.cshtml,7F9FA729,\OnlineRequestSystem\Views\
closeRequestDetails.cshtml,C16CF92F,\OnlineRequestSystem\Views\CloseRequest\
ViewCloseRequest.cshtml,4DDF2173,\OnlineRequestSystem\Views\CloseRequest\
_AMApproval.cshtml,8D05AFD8,\OnlineRequestSystem\Views\CloseRequest\DetailsPartials\
_DivApproval.cshtml,E414D7B9,\OnlineRequestSystem\Views\CloseRequest\DetailsPartials\
_DivApproval2.cshtml,018AF862,\OnlineRequestSystem\Views\CloseRequest\DetailsPartials\
_DivApproval3.cshtml,0CAB2811,\OnlineRequestSystem\Views\CloseRequest\DetailsPartials\
_DMApproval.cshtml,104AD4FB,\OnlineRequestSystem\Views\CloseRequest\DetailsPartials\
_GMApproval.cshtml,161A9C56,\OnlineRequestSystem\Views\CloseRequest\DetailsPartials\
_LocalDiv.cshtml,AD602717,\OnlineRequestSystem\Views\CloseRequest\DetailsPartials\
_MMDProcesses.cshtml,9BEE5336,\OnlineRequestSystem\Views\CloseRequest\DetailsPartials\
_PresApproval.cshtml,8CF44DFC,\OnlineRequestSystem\Views\CloseRequest\DetailsPartials\
_RMApproval.cshtml,A6BE93E0,\OnlineRequestSystem\Views\CloseRequest\DetailsPartials\
_VPAssistant.cshtml,FC7DB21E,\OnlineRequestSystem\Views\CloseRequest\DetailsPartials\
Department.cshtml,2E4CF597,\OnlineRequestSystem\Views\MMD\
Division.cshtml,219E1C4E,\OnlineRequestSystem\Views\MMD\
RequestType.cshtml,2434E3EE,\OnlineRequestSystem\Views\MMD\
viewMMDStatus.cshtml,BA5D76B5,\OnlineRequestSystem\Views\MMD\
VPAssistant.cshtml,3A9B188F,\OnlineRequestSystem\Views\MMD\
_AddDepartment.cshtml,09487978,\OnlineRequestSystem\Views\MMD\
_AddDivision.cshtml,4FBE553D,\OnlineRequestSystem\Views\MMD\
_AddRequestType.cshtml,EF7F289D,\OnlineRequestSystem\Views\MMD\
Div_OpenRequest.cshtml,F1DB7194,\OnlineRequestSystem\Views\OpenRequest\
GMO_OpenRequests.cshtml,435626A5,\OnlineRequestSystem\Views\OpenRequest\
LocalRequests.cshtml,786A59F0,\OnlineRequestSystem\Views\OpenRequest\
MMD_OpenRequests.cshtml,72EF690D,\OnlineRequestSystem\Views\OpenRequest\
MyRequests.cshtml,48E2D9B2,\OnlineRequestSystem\Views\OpenRequest\
RequestDetails.cshtml,B13938B7,\OnlineRequestSystem\Views\OpenRequest\
ViewOpenRequest.cshtml,E347F3B5,\OnlineRequestSystem\Views\OpenRequest\
_AMApproval.cshtml,162D2DE4,\OnlineRequestSystem\Views\OpenRequest\DetailsPartials\
_DivApproval.cshtml,B806AB68,\OnlineRequestSystem\Views\OpenRequest\DetailsPartials\
_DivApproval2.cshtml,CD73869A,\OnlineRequestSystem\Views\OpenRequest\DetailsPartials\
_DivApproval3.cshtml,C145F825,\OnlineRequestSystem\Views\OpenRequest\DetailsPartials\
_DMApproval.cshtml,500BF5A6,\OnlineRequestSystem\Views\OpenRequest\DetailsPartials\
_GMApproval.cshtml,4D7C759E,\OnlineRequestSystem\Views\OpenRequest\DetailsPartials\
_LocalDIV.cshtml,9068B5A8,\OnlineRequestSystem\Views\OpenRequest\DetailsPartials\
_MMDProcesses.cshtml,AAF96F02,\OnlineRequestSystem\Views\OpenRequest\DetailsPartials\
_PresApproval.cshtml,A876FFBF,\OnlineRequestSystem\Views\OpenRequest\DetailsPartials\
_RMApproval.cshtml,2C788C83,\OnlineRequestSystem\Views\OpenRequest\DetailsPartials\
_VPAssistant.cshtml,A276C889,\OnlineRequestSystem\Views\OpenRequest\DetailsPartials\
_AreaManager.cshtml,5B619D04,\OnlineRequestSystem\Views\OpenRequest\OpenReqPartials\
_DepartmentManager.cshtml,4FB92FAC,\OnlineRequestSystem\Views\OpenRequest\OpenReqPartials\
_DivisionManager,F03EA165,\OnlineRequestSystem\Views\OpenRequest\OpenReqPartials\
_GeneralManager,67F2FC2E,\OnlineRequestSystem\Views\OpenRequest\OpenReqPartials\
_MMDOpenRequests,3631C15E,\OnlineRequestSystem\Views\OpenRequest\OpenReqPartials\
_President.cshtml,3D97649F,\OnlineRequestSystem\Views\OpenRequest\OpenReqPartials\
_RegionalManager.cshtml,FF37B720,\OnlineRequestSystem\Views\OpenRequest\OpenReqPartials\
PendingDetails.cshtml,08E94AFE,\OnlineRequestSystem\Views\Pending\
PendingRequests.cshtml,D049CD3E,\OnlineRequestSystem\Views\Pending\
_AMApproval.cshtml,6F823D66,\OnlineRequestSystem\Views\Pending\DetailsPartials\
_DivApproval.cshtml,B806AB68,\OnlineRequestSystem\Views\Pending\DetailsPartials\
_DivApproval2.cshtml,CD73869A,\OnlineRequestSystem\Views\Pending\DetailsPartials\
_DivApproval3.cshtml,C145F825,\OnlineRequestSystem\Views\Pending\DetailsPartials\
_DMApproval.cshtml,500BF5A6,\OnlineRequestSystem\Views\Pending\DetailsPartials\
_GMApproval.cshtml,4D7C759E,\OnlineRequestSystem\Views\Pending\DetailsPartials\
_LocalDIV.cshtml,9068B5A8,\OnlineRequestSystem\Views\Pending\DetailsPartials\
_MMDProcesses.cshtml,AAF96F02,\OnlineRequestSystem\Views\Pending\DetailsPartials\
_PresApproval.cshtml,A876FFBF,\OnlineRequestSystem\Views\Pending\DetailsPartials\
_RMApproval.cshtml,2C788C83,\OnlineRequestSystem\Views\Pending\DetailsPartials\
_VPAssistant.cshtml,A276C889,\OnlineRequestSystem\Views\Pending\DetailsPartials\
_Pending_AM.cshtml,A82BF902,\OnlineRequestSystem\Views\Pending\PendingReqPartials\
_Pending_Div.cshtml,D6313A2C,\OnlineRequestSystem\Views\Pending\PendingReqPartials\
_Pending_DM.cshtml,0E22738C,\OnlineRequestSystem\Views\Pending\PendingReqPartials\
_Pending_GM.cshtml,C01B378C,\OnlineRequestSystem\Views\Pending\PendingReqPartials\
_Pending_MMD.cshtml,FFBABDAA,\OnlineRequestSystem\Views\Pending\PendingReqPartials\
_Pending_Pres.cshtml,D62545F4,\OnlineRequestSystem\Views\Pending\PendingReqPartials\
_Pending_RM.cshtml,8872E71E,\OnlineRequestSystem\Views\Pending\PendingReqPartials\
ReportsMenu.cshtml,620536EF,\OnlineRequestSystem\Views\Reports\
RequestFormView.cshtml,AC20BAA1,\OnlineRequestSystem\Views\Request\
SDC.cshtml,D29D3F07,\OnlineRequestSystem\Views\SDC\
SDCReport.cshtml,AD5CC7C5,\OnlineRequestSystem\Views\SDC\
viewReceived.cshtml,94440B48,\OnlineRequestSystem\Views\SDC\
viewSDCStatus.cshtml,94440B48,\OnlineRequestSystem\Views\SDC\
Error.cshtml,FB807C78,\OnlineRequestSystem\Views\Shared\
_CloseReqConfirmation.cshtml,F3DD2796,\OnlineRequestSystem\Views\Shared\
_DisapproveConfirmation.cshtml,FB8CF7A3,\OnlineRequestSystem\Views\Shared\
_ErrorLayout.cshtml,8502EBFC,\OnlineRequestSystem\Views\Shared\
_Helpdesk.cshtml,996EEAE2,\OnlineRequestSystem\Views\Shared\
_Layout.cshtml,FD09F68B,\OnlineRequestSystem\Views\Shared\
_Loader.cshtml,C53ED0D3,\OnlineRequestSystem\Views\Shared\
_LoginPartial.cshtml,D19694EA,\OnlineRequestSystem\Views\Shared\
_MMD.cshtml,594786DB,\OnlineRequestSystem\Views\Shared\
_RM.cshtml,9B1665D9,\OnlineRequestSystem\Views\Shared\
_divmenu.cshtml,03FA3EA3,\OnlineRequestSystem\Views\Shared\NavMenus\
_gmomenu.cshtml,A799C623,\OnlineRequestSystem\Views\Shared\NavMenus\
Login.cshtml,62BCB8D4,\OnlineRequestSystem\Views\Userlogin\
_LoginLayout.cshtml,72492FFB,\OnlineRequestSystem\Views\Userlogin\
BranchRequests.cshtml,E6264A1D,\OnlineRequestSystem\Views\VPAssistant\
repositories.config,76E80538,\packages\
Antlr.3.4.1.9004.nupkg,BE8B2E28,\packages\Antlr.3.4.1.9004\
Antlr3.Runtime.dll,71E4B347,\packages\Antlr.3.4.1.9004\lib\
Antlr3.Runtime.pdb,DAC43AF3,\packages\Antlr.3.4.1.9004\lib\
bootbox.4.3.0.nupkg,9906EBCA,\packages\bootbox.4.3.0\
bootbox.js,BD3905C7,\packages\bootbox.4.3.0\content\Scripts\
bootbox.min.js,C95F288D,\packages\bootbox.4.3.0\content\Scripts\
bootstrap.3.0.0.nupkg,013762BF,\packages\bootstrap.3.0.0\
bootstrap.css,6777BEF5,\packages\bootstrap.3.0.0\content\Content\
bootstrap.min.css,D584FF2C,\packages\bootstrap.3.0.0\content\Content\
glyphicons-halflings-regular.eot,41FAD57F,\packages\bootstrap.3.0.0\content\fonts\
glyphicons-halflings-regular.svg,90D3E135,\packages\bootstrap.3.0.0\content\fonts\
glyphicons-halflings-regular.ttf,8E6B714C,\packages\bootstrap.3.0.0\content\fonts\
glyphicons-halflings-regular.woff,E2A8FC81,\packages\bootstrap.3.0.0\content\fonts\
bootstrap.js,49F108BC,\packages\bootstrap.3.0.0\content\Scripts\
bootstrap.min.js,745D08B9,\packages\bootstrap.3.0.0\content\Scripts\
CrystalDecisions.CrystalReports.Engine.1.0.0.nupkg,C0A38753,\packages\CrystalDecisions.CrystalReports.Engine.1.0.0\
CrystalDecisions.CrystalReports.Engine.dll,A246CC0B,\packages\CrystalDecisions.CrystalReports.Engine.1.0.0\lib\
CrystalDecisions.ReportSource.1.0.0.nupkg,274E3F2B,\packages\CrystalDecisions.ReportSource.1.0.0\
CrystalDecisions.ReportSource.dll,8A8BD873,\packages\CrystalDecisions.ReportSource.1.0.0\lib\
CrystalDecisions.Shared.1.0.0.nupkg,35B95351,\packages\CrystalDecisions.Shared.1.0.0\
CrystalDecisions.Shared.dll,56829AA4,\packages\CrystalDecisions.Shared.1.0.0\lib\
EntityFramework.6.1.0.nupkg,E5CF7368,\packages\EntityFramework.6.1.0\
App.config.transform,BF12FB9F,\packages\EntityFramework.6.1.0\content\
Web.config.transform,BF12FB9F,\packages\EntityFramework.6.1.0\content\
EntityFramework.dll,4550CA99,\packages\EntityFramework.6.1.0\lib\net40\
EntityFramework.SqlServer.dll,E64E1E2E,\packages\EntityFramework.6.1.0\lib\net40\
EntityFramework.SqlServer.xml,26129E42,\packages\EntityFramework.6.1.0\lib\net40\
EntityFramework.xml,AF5D310C,\packages\EntityFramework.6.1.0\lib\net40\
EntityFramework.dll,BAC74506,\packages\EntityFramework.6.1.0\lib\net45\
EntityFramework.SqlServer.dll,FB46D127,\packages\EntityFramework.6.1.0\lib\net45\
EntityFramework.SqlServer.xml,26129E42,\packages\EntityFramework.6.1.0\lib\net45\
EntityFramework.xml,B68A0068,\packages\EntityFramework.6.1.0\lib\net45\
about_EntityFramework.help.txt,30C682F8,\packages\EntityFramework.6.1.0\tools\
EntityFramework.PowerShell.dll,2B172168,\packages\EntityFramework.6.1.0\tools\
EntityFramework.PowerShell.Utility.dll,6A535CED,\packages\EntityFramework.6.1.0\tools\
EntityFramework.psd1,27F6E314,\packages\EntityFramework.6.1.0\tools\
EntityFramework.psm1,36F9D884,\packages\EntityFramework.6.1.0\tools\
init.ps1,62CF3311,\packages\EntityFramework.6.1.0\tools\
install.ps1,4FAF5759,\packages\EntityFramework.6.1.0\tools\
migrate.exe,57E59917,\packages\EntityFramework.6.1.0\tools\
FontAwesome.4.7.0.nupkg,11B571AD,\packages\FontAwesome.4.7.0\
font-awesome.css,0DA46749,\packages\FontAwesome.4.7.0\Content\Content\
font-awesome.min.css,621936D7,\packages\FontAwesome.4.7.0\Content\Content\
fontawesome-webfont.eot,BA1D704F,\packages\FontAwesome.4.7.0\Content\fonts\
fontawesome-webfont.svg,52CA839C,\packages\FontAwesome.4.7.0\Content\fonts\
fontawesome-webfont.ttf,C544BC5C,\packages\FontAwesome.4.7.0\Content\fonts\
fontawesome-webfont.woff,E07B3318,\packages\FontAwesome.4.7.0\Content\fonts\
fontawesome-webfont.woff2,5517C3A7,\packages\FontAwesome.4.7.0\Content\fonts\
FontAwesome.otf,C282A131,\packages\FontAwesome.4.7.0\Content\fonts\
install.ps1,29116B66,\packages\FontAwesome.4.7.0\tools\
Glimpse.1.8.6.nupkg,1DA3CC0B,\packages\Glimpse.1.8.6\
Glimpse.Core.Documentation.chm,6E24CBF4,\packages\Glimpse.1.8.6\docs\
Glimpse.Core.dll,3CE207A6,\packages\Glimpse.1.8.6\lib\net35\
Glimpse.Core.dll,9FFB2FC5,\packages\Glimpse.1.8.6\lib\net40\
Glimpse.Core.dll,D8CC51C7,\packages\Glimpse.1.8.6\lib\net45\
glimpse.psm1,A0280863,\packages\Glimpse.1.8.6\tools\
init.ps1,2B32239D,\packages\Glimpse.1.8.6\tools\
install.ps1,2CC359D3,\packages\Glimpse.1.8.6\tools\
uninstall.ps1,396AEE9A,\packages\Glimpse.1.8.6\tools\
Glimpse.AspNet.1.8.0.nupkg,CEBFF7E4,\packages\Glimpse.AspNet.1.8.0\
GlimpseSecurityPolicy.cs.pp,819CC5D9,\packages\Glimpse.AspNet.1.8.0\content\
web.config.transform,C22E365D,\packages\Glimpse.AspNet.1.8.0\content\
Glimpse.AspNet.dll,539DFDA2,\packages\Glimpse.AspNet.1.8.0\lib\net35\
Glimpse.AspNet.dll,4DF5DE12,\packages\Glimpse.AspNet.1.8.0\lib\net40\
Glimpse.AspNet.dll,57738540,\packages\Glimpse.AspNet.1.8.0\lib\net45\
install.ps1,2CC359D3,\packages\Glimpse.AspNet.1.8.0\tools\
uninstall.ps1,396AEE9A,\packages\Glimpse.AspNet.1.8.0\tools\
Glimpse.Mvc5.1.5.3.nupkg,6432BEC3,\packages\Glimpse.Mvc5.1.5.3\
Glimpse.Mvc5.dll,473981F7,\packages\Glimpse.Mvc5.1.5.3\lib\net45\
install.ps1,2CC359D3,\packages\Glimpse.Mvc5.1.5.3\tools\
uninstall.ps1,396AEE9A,\packages\Glimpse.Mvc5.1.5.3\tools\
AGPL.txt,ADC6F07E,\packages\iTextSharp.5.5.13\
iTextSharp.5.5.13.nupkg,CA60F20D,\packages\iTextSharp.5.5.13\
notice.txt,3BDF3C20,\packages\iTextSharp.5.5.13\
itextsharp.dll,4C7875B7,\packages\iTextSharp.5.5.13\lib\
iTextSharp.xml,5B0F0CD3,\packages\iTextSharp.5.5.13\lib\
jQuery.3.1.1.nupkg,74540B3F,\packages\jQuery.3.1.1\
jquery-3.1.1-vsdoc.js,F05E99C4,\packages\jQuery.3.1.1\Content\Scripts\
jquery-3.1.1.js,9A011363,\packages\jQuery.3.1.1\Content\Scripts\
jquery-3.1.1.min.js,626FF6EE,\packages\jQuery.3.1.1\Content\Scripts\
jquery-3.1.1.min.map,316D92B4,\packages\jQuery.3.1.1\Content\Scripts\
jquery-3.1.1.slim.js,B61A16AD,\packages\jQuery.3.1.1\Content\Scripts\
jquery-3.1.1.slim.min.js,D7F0B5EC,\packages\jQuery.3.1.1\Content\Scripts\
jquery-3.1.1.slim.min.map,3E0DFB8D,\packages\jQuery.3.1.1\Content\Scripts\
common.ps1,92F8335E,\packages\jQuery.3.1.1\Tools\
install.ps1,649108FD,\packages\jQuery.3.1.1\Tools\
jquery-3.1.1.intellisense.js,D486E83B,\packages\jQuery.3.1.1\Tools\
uninstall.ps1,B13B0F38,\packages\jQuery.3.1.1\Tools\
jQuery.UI.Combined.1.12.1.nupkg,59763E7E,\packages\jQuery.UI.Combined.1.12.1\
accordion.css,1120E2D7,\packages\jQuery.UI.Combined.1.12.1\Content\Content\themes\base\
all.css,03E5901F,\packages\jQuery.UI.Combined.1.12.1\Content\Content\themes\base\
autocomplete.css,BBA5BCA6,\packages\jQuery.UI.Combined.1.12.1\Content\Content\themes\base\
base.css,EC57A3C3,\packages\jQuery.UI.Combined.1.12.1\Content\Content\themes\base\
button.css,0C75CA2F,\packages\jQuery.UI.Combined.1.12.1\Content\Content\themes\base\
core.css,82305B78,\packages\jQuery.UI.Combined.1.12.1\Content\Content\themes\base\
datepicker.css,869A63EE,\packages\jQuery.UI.Combined.1.12.1\Content\Content\themes\base\
dialog.css,00EC5D6B,\packages\jQuery.UI.Combined.1.12.1\Content\Content\themes\base\
draggable.css,9E821EA5,\packages\jQuery.UI.Combined.1.12.1\Content\Content\themes\base\
jquery-ui.css,1A13D58B,\packages\jQuery.UI.Combined.1.12.1\Content\Content\themes\base\
jquery-ui.min.css,8DA9AB9C,\packages\jQuery.UI.Combined.1.12.1\Content\Content\themes\base\
menu.css,44FAA771,\packages\jQuery.UI.Combined.1.12.1\Content\Content\themes\base\
progressbar.css,7DDD25F8,\packages\jQuery.UI.Combined.1.12.1\Content\Content\themes\base\
resizable.css,0F99CFAB,\packages\jQuery.UI.Combined.1.12.1\Content\Content\themes\base\
selectable.css,F81DD144,\packages\jQuery.UI.Combined.1.12.1\Content\Content\themes\base\
selectmenu.css,9BF42900,\packages\jQuery.UI.Combined.1.12.1\Content\Content\themes\base\
slider.css,E9603850,\packages\jQuery.UI.Combined.1.12.1\Content\Content\themes\base\
sortable.css,6B784EC6,\packages\jQuery.UI.Combined.1.12.1\Content\Content\themes\base\
spinner.css,B2FCD42E,\packages\jQuery.UI.Combined.1.12.1\Content\Content\themes\base\
tabs.css,48BC2AF4,\packages\jQuery.UI.Combined.1.12.1\Content\Content\themes\base\
theme.css,8741600A,\packages\jQuery.UI.Combined.1.12.1\Content\Content\themes\base\
tooltip.css,EF04A76A,\packages\jQuery.UI.Combined.1.12.1\Content\Content\themes\base\
ui-bg_flat_0_aaaaaa_40x100.png,CDC4649C,\packages\jQuery.UI.Combined.1.12.1\Content\Content\themes\base\images\
ui-bg_flat_75_ffffff_40x100.png,6F1F9859,\packages\jQuery.UI.Combined.1.12.1\Content\Content\themes\base\images\
ui-bg_glass_55_fbf9ee_1x400.png,5C3B03F2,\packages\jQuery.UI.Combined.1.12.1\Content\Content\themes\base\images\
ui-bg_glass_65_ffffff_1x400.png,B602AB91,\packages\jQuery.UI.Combined.1.12.1\Content\Content\themes\base\images\
ui-bg_glass_75_dadada_1x400.png,87DB08B2,\packages\jQuery.UI.Combined.1.12.1\Content\Content\themes\base\images\
ui-bg_glass_75_e6e6e6_1x400.png,6E2D04A8,\packages\jQuery.UI.Combined.1.12.1\Content\Content\themes\base\images\
ui-bg_glass_95_fef1ec_1x400.png,A3F1659E,\packages\jQuery.UI.Combined.1.12.1\Content\Content\themes\base\images\
ui-bg_highlight-soft_75_cccccc_1x100.png,0349582C,\packages\jQuery.UI.Combined.1.12.1\Content\Content\themes\base\images\
ui-icons_222222_256x240.png,02EE7854,\packages\jQuery.UI.Combined.1.12.1\Content\Content\themes\base\images\
ui-icons_2e83ff_256x240.png,BB8A60FC,\packages\jQuery.UI.Combined.1.12.1\Content\Content\themes\base\images\
ui-icons_444444_256x240.png,5FEF0FED,\packages\jQuery.UI.Combined.1.12.1\Content\Content\themes\base\images\
ui-icons_454545_256x240.png,6E8591DE,\packages\jQuery.UI.Combined.1.12.1\Content\Content\themes\base\images\
ui-icons_555555_256x240.png,E707E059,\packages\jQuery.UI.Combined.1.12.1\Content\Content\themes\base\images\
ui-icons_777620_256x240.png,0827C809,\packages\jQuery.UI.Combined.1.12.1\Content\Content\themes\base\images\
ui-icons_777777_256x240.png,F7488B01,\packages\jQuery.UI.Combined.1.12.1\Content\Content\themes\base\images\
ui-icons_888888_256x240.png,98E8B201,\packages\jQuery.UI.Combined.1.12.1\Content\Content\themes\base\images\
ui-icons_cc0000_256x240.png,429DF85E,\packages\jQuery.UI.Combined.1.12.1\Content\Content\themes\base\images\
ui-icons_cd0a0a_256x240.png,182E709E,\packages\jQuery.UI.Combined.1.12.1\Content\Content\themes\base\images\
ui-icons_ffffff_256x240.png,82A372FD,\packages\jQuery.UI.Combined.1.12.1\Content\Content\themes\base\images\
jquery-ui-1.12.1.js,650928EF,\packages\jQuery.UI.Combined.1.12.1\Content\Scripts\
jquery-ui-1.12.1.min.js,3834F83F,\packages\jQuery.UI.Combined.1.12.1\Content\Scripts\
common.ps1,70DC3CEF,\packages\jQuery.UI.Combined.1.12.1\Tools\
install.ps1,C62CB4F8,\packages\jQuery.UI.Combined.1.12.1\Tools\
uninstall.ps1,E7042EAC,\packages\jQuery.UI.Combined.1.12.1\Tools\
jQuery.Validation.1.16.0.nupkg,46894AC8,\packages\jQuery.Validation.1.16.0\
jquery.validate-vsdoc.js,75E5B106,\packages\jQuery.Validation.1.16.0\Content\Scripts\
jquery.validate.js,07287CD1,\packages\jQuery.Validation.1.16.0\Content\Scripts\
jquery.validate.min.js,71025608,\packages\jQuery.Validation.1.16.0\Content\Scripts\
Microsoft.AspNet.Identity.Core.2.0.0.nupkg,6BFD1E10,\packages\Microsoft.AspNet.Identity.Core.2.0.0\
Microsoft.AspNet.Identity.Core.dll,BBCB70E8,\packages\Microsoft.AspNet.Identity.Core.2.0.0\lib\net45\
Microsoft.AspNet.Identity.Core.xml,8D6D69BB,\packages\Microsoft.AspNet.Identity.Core.2.0.0\lib\net45\
Microsoft.AspNet.Identity.EntityFramework.2.0.0.nupkg,42BC59D9,\packages\Microsoft.AspNet.Identity.EntityFramework.2.0.0\
Microsoft.AspNet.Identity.EntityFramework.dll,D2D5A42A,\packages\Microsoft.AspNet.Identity.EntityFramework.2.0.0\lib\net45\
Microsoft.AspNet.Identity.EntityFramework.xml,D698BCA0,\packages\Microsoft.AspNet.Identity.EntityFramework.2.0.0\lib\net45\
Microsoft.AspNet.Identity.Owin.2.0.0.nupkg,0E503E65,\packages\Microsoft.AspNet.Identity.Owin.2.0.0\
Microsoft.AspNet.Identity.Owin.dll,551E13C4,\packages\Microsoft.AspNet.Identity.Owin.2.0.0\lib\net45\
Microsoft.AspNet.Identity.Owin.xml,29C6636B,\packages\Microsoft.AspNet.Identity.Owin.2.0.0\lib\net45\
Microsoft.AspNet.Mvc.5.1.2.nupkg,AF0CBD0E,\packages\Microsoft.AspNet.Mvc.5.1.2\
Web.config.install.xdt,83CF0326,\packages\Microsoft.AspNet.Mvc.5.1.2\Content\
Web.config.uninstall.xdt,B0721ECE,\packages\Microsoft.AspNet.Mvc.5.1.2\Content\
System.Web.Mvc.dll,FF1BE7B1,\packages\Microsoft.AspNet.Mvc.5.1.2\lib\net45\
System.Web.Mvc.xml,7583FADD,\packages\Microsoft.AspNet.Mvc.5.1.2\lib\net45\
Microsoft.AspNet.Razor.3.1.2.nupkg,9401F56A,\packages\Microsoft.AspNet.Razor.3.1.2\
System.Web.Razor.dll,177440A0,\packages\Microsoft.AspNet.Razor.3.1.2\lib\net45\
System.Web.Razor.xml,463B675E,\packages\Microsoft.AspNet.Razor.3.1.2\lib\net45\
Microsoft.AspNet.Web.Optimization.1.1.3.nupkg,88C71BDB,\packages\Microsoft.AspNet.Web.Optimization.1.1.3\
System.Web.Optimization.dll,E5AA5279,\packages\Microsoft.AspNet.Web.Optimization.1.1.3\lib\net40\
system.web.optimization.xml,503BA50C,\packages\Microsoft.AspNet.Web.Optimization.1.1.3\lib\net40\
Microsoft.AspNet.WebPages.3.1.2.nupkg,A9D515F8,\packages\Microsoft.AspNet.WebPages.3.1.2\
Web.config.install.xdt,6AC62771,\packages\Microsoft.AspNet.WebPages.3.1.2\Content\
Web.config.uninstall.xdt,5E3A6C00,\packages\Microsoft.AspNet.WebPages.3.1.2\Content\
System.Web.Helpers.dll,6B6CA960,\packages\Microsoft.AspNet.WebPages.3.1.2\lib\net45\
System.Web.Helpers.xml,3FC5228F,\packages\Microsoft.AspNet.WebPages.3.1.2\lib\net45\
System.Web.WebPages.Deployment.dll,07370713,\packages\Microsoft.AspNet.WebPages.3.1.2\lib\net45\
System.Web.WebPages.Deployment.xml,2CAC738B,\packages\Microsoft.AspNet.WebPages.3.1.2\lib\net45\
System.Web.WebPages.dll,A7A4636F,\packages\Microsoft.AspNet.WebPages.3.1.2\lib\net45\
System.Web.WebPages.Razor.dll,94A50299,\packages\Microsoft.AspNet.WebPages.3.1.2\lib\net45\
System.Web.WebPages.Razor.xml,2F8E5AEA,\packages\Microsoft.AspNet.WebPages.3.1.2\lib\net45\
System.Web.WebPages.xml,9838BDC4,\packages\Microsoft.AspNet.WebPages.3.1.2\lib\net45\
Microsoft.jQuery.Unobtrusive.Ajax.3.2.3.nupkg,3A2E36BD,\packages\Microsoft.jQuery.Unobtrusive.Ajax.3.2.3\
jquery.unobtrusive-ajax.js,CCC7D707,\packages\Microsoft.jQuery.Unobtrusive.Ajax.3.2.3\Content\Scripts\
jquery.unobtrusive-ajax.min.js,04B2DB9B,\packages\Microsoft.jQuery.Unobtrusive.Ajax.3.2.3\Content\Scripts\
Microsoft.jQuery.Unobtrusive.Validation.3.2.3.nupkg,AF7D8B60,\packages\Microsoft.jQuery.Unobtrusive.Validation.3.2.3\
jquery.validate.unobtrusive.js,2485BD89,\packages\Microsoft.jQuery.Unobtrusive.Validation.3.2.3\Content\Scripts\
jquery.validate.unobtrusive.min.js,3FCC92AE,\packages\Microsoft.jQuery.Unobtrusive.Validation.3.2.3\Content\Scripts\
Microsoft.Owin.2.1.0.nupkg,1E3212C2,\packages\Microsoft.Owin.2.1.0\
Microsoft.Owin.dll,209CF62D,\packages\Microsoft.Owin.2.1.0\lib\net40\
Microsoft.Owin.XML,1C68C191,\packages\Microsoft.Owin.2.1.0\lib\net40\
Microsoft.Owin.dll,8FCCB8A1,\packages\Microsoft.Owin.2.1.0\lib\net45\
Microsoft.Owin.XML,FD5DDECA,\packages\Microsoft.Owin.2.1.0\lib\net45\
Microsoft.Owin.Host.SystemWeb.2.1.0.nupkg,75D0CA81,\packages\Microsoft.Owin.Host.SystemWeb.2.1.0\
Microsoft.Owin.Host.SystemWeb.dll,737A2D4F,\packages\Microsoft.Owin.Host.SystemWeb.2.1.0\lib\net40\
Microsoft.Owin.Host.SystemWeb.xml,496064AD,\packages\Microsoft.Owin.Host.SystemWeb.2.1.0\lib\net40\
Microsoft.Owin.Host.SystemWeb.dll,1D8D15B9,\packages\Microsoft.Owin.Host.SystemWeb.2.1.0\lib\net45\
Microsoft.Owin.Host.SystemWeb.xml,798BA58E,\packages\Microsoft.Owin.Host.SystemWeb.2.1.0\lib\net45\
Microsoft.Owin.Security.2.1.0.nupkg,86684C53,\packages\Microsoft.Owin.Security.2.1.0\
Microsoft.Owin.Security.dll,2E024BD1,\packages\Microsoft.Owin.Security.2.1.0\lib\net45\
Microsoft.Owin.Security.XML,DEFACDF2,\packages\Microsoft.Owin.Security.2.1.0\lib\net45\
Microsoft.Owin.Security.Cookies.2.1.0.nupkg,E02E2592,\packages\Microsoft.Owin.Security.Cookies.2.1.0\
Microsoft.Owin.Security.Cookies.dll,0E32DD58,\packages\Microsoft.Owin.Security.Cookies.2.1.0\lib\net45\
Microsoft.Owin.Security.Cookies.xml,BC8245D5,\packages\Microsoft.Owin.Security.Cookies.2.1.0\lib\net45\
Microsoft.Owin.Security.Facebook.2.1.0.nupkg,8A3E6593,\packages\Microsoft.Owin.Security.Facebook.2.1.0\
Microsoft.Owin.Security.Facebook.dll,7970F6E6,\packages\Microsoft.Owin.Security.Facebook.2.1.0\lib\net45\
Microsoft.Owin.Security.Facebook.XML,1E8F6932,\packages\Microsoft.Owin.Security.Facebook.2.1.0\lib\net45\
Microsoft.Owin.Security.Google.2.1.0.nupkg,522C8A1D,\packages\Microsoft.Owin.Security.Google.2.1.0\
Microsoft.Owin.Security.Google.dll,BA8E00BD,\packages\Microsoft.Owin.Security.Google.2.1.0\lib\net45\
Microsoft.Owin.Security.Google.XML,1C70874D,\packages\Microsoft.Owin.Security.Google.2.1.0\lib\net45\
Microsoft.Owin.Security.MicrosoftAccount.2.1.0.nupkg,6C316945,\packages\Microsoft.Owin.Security.MicrosoftAccount.2.1.0\
Microsoft.Owin.Security.MicrosoftAccount.dll,B505C9C7,\packages\Microsoft.Owin.Security.MicrosoftAccount.2.1.0\lib\net45\
Microsoft.Owin.Security.MicrosoftAccount.XML,C0CB0406,\packages\Microsoft.Owin.Security.MicrosoftAccount.2.1.0\lib\net45\
Microsoft.Owin.Security.OAuth.2.1.0.nupkg,B6972113,\packages\Microsoft.Owin.Security.OAuth.2.1.0\
Microsoft.Owin.Security.OAuth.dll,A55BB3C0,\packages\Microsoft.Owin.Security.OAuth.2.1.0\lib\net45\
Microsoft.Owin.Security.OAuth.XML,CB00D131,\packages\Microsoft.Owin.Security.OAuth.2.1.0\lib\net45\
Microsoft.Owin.Security.Twitter.2.1.0.nupkg,DE4FA910,\packages\Microsoft.Owin.Security.Twitter.2.1.0\
Microsoft.Owin.Security.Twitter.dll,530FBC2E,\packages\Microsoft.Owin.Security.Twitter.2.1.0\lib\net45\
Microsoft.Owin.Security.Twitter.XML,22E6899E,\packages\Microsoft.Owin.Security.Twitter.2.1.0\lib\net45\
Microsoft.Web.Infrastructure.1.0.0.0.nupkg,6C383BA8,\packages\Microsoft.Web.Infrastructure.1.0.0.0\
Microsoft.Web.Infrastructure.dll,36DE0C11,\packages\Microsoft.Web.Infrastructure.1.0.0.0\lib\net40\
Modernizr.2.8.3.nupkg,D7C86AC1,\packages\Modernizr.2.8.3\
modernizr-2.8.3.js,FD3D0204,\packages\Modernizr.2.8.3\Content\Scripts\
common.ps1,54999264,\packages\Modernizr.2.8.3\Tools\
install.ps1,159E0C57,\packages\Modernizr.2.8.3\Tools\
uninstall.ps1,67BB7B82,\packages\Modernizr.2.8.3\Tools\
Newtonsoft.Json.5.0.6.nupkg,61255C56,\packages\Newtonsoft.Json.5.0.6\
Newtonsoft.Json.dll,563B4043,\packages\Newtonsoft.Json.5.0.6\lib\net20\
Newtonsoft.Json.xml,6CA6B4BA,\packages\Newtonsoft.Json.5.0.6\lib\net20\
Newtonsoft.Json.dll,8B4B620E,\packages\Newtonsoft.Json.5.0.6\lib\net35\
Newtonsoft.Json.xml,660C3822,\packages\Newtonsoft.Json.5.0.6\lib\net35\
Newtonsoft.Json.dll,6A70A711,\packages\Newtonsoft.Json.5.0.6\lib\net40\
Newtonsoft.Json.xml,760EFD20,\packages\Newtonsoft.Json.5.0.6\lib\net40\
Newtonsoft.Json.dll,01FD7D66,\packages\Newtonsoft.Json.5.0.6\lib\net45\
Newtonsoft.Json.xml,9E00D8DD,\packages\Newtonsoft.Json.5.0.6\lib\net45\
Newtonsoft.Json.dll,606E6ED3,\packages\Newtonsoft.Json.5.0.6\lib\netcore45\
Newtonsoft.Json.xml,ECB362C3,\packages\Newtonsoft.Json.5.0.6\lib\netcore45\
Newtonsoft.Json.dll,B48613D4,\packages\Newtonsoft.Json.5.0.6\lib\portable-net40%2Bsl4%2Bwp7%2Bwin8\
Newtonsoft.Json.xml,FAFBBB8E,\packages\Newtonsoft.Json.5.0.6\lib\portable-net40%2Bsl4%2Bwp7%2Bwin8\
Newtonsoft.Json.dll,B48613D4,\packages\Newtonsoft.Json.5.0.6\lib\portable-net40+sl4+wp7+win8\
Newtonsoft.Json.xml,FAFBBB8E,\packages\Newtonsoft.Json.5.0.6\lib\portable-net40+sl4+wp7+win8\
Newtonsoft.Json.dll,8D8E0C45,\packages\Newtonsoft.Json.5.0.6\lib\portable-net45%2Bwp80%2Bwin8\
Newtonsoft.Json.xml,5C595C2B,\packages\Newtonsoft.Json.5.0.6\lib\portable-net45%2Bwp80%2Bwin8\
Newtonsoft.Json.dll,8D8E0C45,\packages\Newtonsoft.Json.5.0.6\lib\portable-net45+wp80+win8\
Newtonsoft.Json.xml,5C595C2B,\packages\Newtonsoft.Json.5.0.6\lib\portable-net45+wp80+win8\
Owin.1.0.nupkg,4CCFDB53,\packages\Owin.1.0\
Owin.dll,E2B31D64,\packages\Owin.1.0\lib\net40\
Respond.1.2.0.nupkg,2AEAADAB,\packages\Respond.1.2.0\
respond.js,AF067A8A,\packages\Respond.1.2.0\content\Scripts\
respond.min.js,50333956,\packages\Respond.1.2.0\content\Scripts\
WebGrease.1.5.2.nupkg,643AD375,\packages\WebGrease.1.5.2\
WebGrease.dll,77B1002E,\packages\WebGrease.1.5.2\lib\
WG.exe,AF028D15,\packages\WebGrease.1.5.2\tools\
